국가,시도,시군구,도서관명
대한민국,강원도,강릉시,강릉교육문화관명주교육도서관
대한민국,강원도,고성군,고성교육도서관
대한민국,강원도,동해시,동해교육도서관동해시립북삼도서관동해시립발한도서관이도작은도서관무릉작은도서관등대작은도서관
대한민국,강원도,삼척시,삼척교육문화관
대한민국,강원도,속초시,속초교육문화관속초교육도서관속초시립도서관풀이음작은도서관
대한민국,강원도,양구군,양구교육도서관
대한민국,강원도,양양군,양양교육도서관
대한민국,강원도,영월군,영월교육도서관
대한민국,강원도,원주시,원주시립중앙도서관원주교육문화관문막교육도서관
대한민국,강원도,인제군,인제교육도서관
대한민국,강원도,정선군,정선교육도서관사북공공도서관
대한민국,강원도,철원군,철원교육도서관
대한민국,강원도,춘천시,춘천교육문화관춘성교육도서관춘천시립도서관담작은도서관춘천시립청소년도서관춘천시립동내도서관춘천시립신사우도서관춘천시립소양도서관춘천시립남산도서관춘천시립서면도서관
대한민국,강원도,태백시,태백교육도서관태백시립도서관태백시립산소드림도서관
대한민국,강원도,평창군,평창교육도서관평창군립대화도서관평창군립진부도서관평창군립봉평도서관평창군립대관령도서관
대한민국,강원도,홍천군,홍천교육도서관
대한민국,강원도,화천군,화천교육도서관
대한민국,강원도,횡성군,횡성교육도서관
대한민국,경기도,가평군,가평군 한석봉도서관가평군 설악도서관가평군 청평도서관가평군 조종도서관
대한민국,경기도,고양시 덕양구,고양시립행신도서관고양시립원당도서관고양시립화정도서관고양시립행신어린이도서관고양시립화정어린이도서관고양시립신원도서관고양시립삼송도서관고양시립별꿈도서관햇빛마을작은도서관고양작은도서관관산작은도서관푸른마을작은도서관화전작은도서관고양윤창작은도서관햇빛21작은도서관삼송작은도서관대덕작은도서관마상공원작은도서관내유작은도서관
대한민국,경기도,고양시 일산동구,고양시립마두도서관고양시립백석도서관고양시립아람누리도서관고양시립풍동도서관고양시립식사도서관호수공원작은도서관사리현작은도서관강촌공원5분걸음예쁜작은도서관모당공원작은도서관
대한민국,경기도,고양시 일산서구,고양시립주엽어린이도서관고양시립대화도서관고양시립한뫼도서관고양시립덕이도서관고양시립가좌도서관고양시립일산도서관탄현작은도서관대화마을작은도서관
대한민국,경기도,과천시,과천시정보과학도서관경기과천교육도서관
대한민국,경기도,광명시,광명시하안도서관광명시광명도서관광명시철산도서관광명시소하도서관광명시충현도서관광명시연서도서관
대한민국,경기도,광주시,광주시립중앙도서관광주시립오포도서관광주시립초월도서관광주시립곤지암도서관광주시립능평도서관오포작은도서관대주작은도서관도척작은도서관퇴촌작은도서관남한산성작은도서관광남작은도서관경기광주교육도서관
대한민국,경기도,구리시,구리시 인창도서관구리시 토평도서관구리시 교문도서관
대한민국,경기도,군포시,군포시중앙도서관
대한민국,경기도,김포시,장기도서관중봉도서관양곡도서관고촌도서관풍무도서관통진도서관누리봄작은도서관대곶작은도서관구래작은도서관운양작은도서관경기김포교육도서관
대한민국,경기도,남양주시,남양주시 정약용도서관남양주시 와부도서관남양주시 화도도서관남양주시 진건도서관남양주시 평내도서관남양주시 별내도서관남양주시 진접도서관남양주시 진접푸른숲도서관남양주시 오남도서관남양주시 퇴계원도서관남양주시 별빛도서관남양주시 호평도서관남양주시 이석영뉴미디어도서관
대한민국,경기도,동두천시,동두천시립도서관동두천꿈나무정보도서관
대한민국,경기도,부천시,부천시립상동도서관부천시립원미도서관부천시립심곡도서관부천시립북부도서관부천시립꿈빛도서관부천시립책마루도서관부천시립한울빛도서관부천시립꿈여울도서관상동역칙칙폭폭도서관숲속작은도서관도란도란작은도서관복사꽃필무렵작은도서관꿈꾸는새싹작은도서관아름드리작은도서관약대신나는가족도서관꿈나무가족작은도서관햇살이가득한작은도서관행복한작은도서관사랑나무가족도서관소새울가족작은도서관고리울꿈터작은도서관민들레홀씨작은도서관시온고등학교 열린작은도서관글마루작은도서관무지개작은도서관진말책향기작은도서관부천시립송내도서관부천시립오정도서관부천시립도당도서관부천시립동화도서관신중동역칙칙폭폭도서관부천행정정보도서관 시정담벼락판타스틱큐브도서관부천시립역곡도서관신흥어울마당작은도서관상동어울마당작은도서관해밀도서관
대한민국,경기도,성남시 분당구,성남시 중앙도서관성남시 분당도서관성남시 서현도서관성남시 구미도서관성남시 무지개도서관성남시 판교도서관성남시 판교어린이도서관성남시 운중도서관
대한민국,경기도,성남시 수정구,성남시 위례도서관성남시 수정도서관성남시 복정도서관성남시 논골도서관경기성남교육도서관
대한민국,경기도,성남시 중원구,성남시 중원어린이도서관성남시 해오름도서관성남시 중원도서관
대한민국,경기도,수원시 권선구,수원시립서수원지식정보도서관수원시립한림도서관수원시립버드내도서관수원시립호매실도서관경기평생교육학습관
대한민국,경기도,수원시 영통구,수원시립영통도서관수원시립태장마루도서관수원시립반달어린이도서관수원시립광교홍재도서관수원시립광교푸른숲도서관수원시립매여울도서관수원시립망포글빛도서관
대한민국,경기도,수원시 장안구,수원시립북수원지식정보도서관수원시립대추골도서관수원시립일월도서관경기중앙교육도서관
대한민국,경기도,수원시 팔달구,수원시립선경도서관수원시립중앙도서관수원시립창룡도서관수원시립화서다산도서관
대한민국,경기도,시흥시,시흥시 중앙도서관시흥시 능곡도서관시흥시 대야도서관시흥시 군자도서관시흥시 목감도서관시흥시 장곡도서관시흥시 소래빛도서관시흥시 정왕어린이도서관시흥시 신천도서관시흥시 매화도서관시흥시 월곶도서관시흥시 배곧도서관
대한민국,경기도,안산시 단원구,안산시 중앙도서관안산시 관산도서관안산시 단원어린이도서관다문화작은도서관신길샛별도서관석수골작은도서관선부3동선녀마을작은도서관안산미디어라이브러리안산시 원고잔도서관안산시 선부도서관와동별빛누리작은도서관와동책읽는방작은도서관안산시 대부도서관당곡작은도서관
대한민국,경기도,안산시 상록구,안산시 일동도서관안산시 성포도서관안산시 감골도서관안산시 상록어린이도서관안산시 반월도서관사2동 꿈을키우는도서관안산시 부곡도서관안산시평생학습관작은도서관본오3동만화작은도서관사3동작은도서관안산시 수암도서관본오1동작은도서관안산시 본오도서관
대한민국,경기도,안성시,안성시립중앙도서관안성시립보개도서관안성시립일죽도서관안성송정작은도서관안성부영작은도서관안성죽산작은도서관안성풍림작은도서관안성태산작은도서관안성삼죽작은도서관안성시립공도도서관안성시립진사도서관안성대림동산작은도서관안성시립아양도서관
대한민국,경기도,안양시 동안구,안양시립평촌도서관안양시립호계도서관안양시립비산도서관안양시립어린이도서관안양시립벌말도서관안양시립관양도서관
대한민국,경기도,안양시 만안구,안양시립석수도서관안양시립박달도서관안양시립만안도서관안양시립삼덕도서관
대한민국,경기도,양주시,양주시립꿈나무도서관양주시립덕정도서관양주시립남면도서관양주시립고읍도서관양주시립덕계도서관양주희망도서관양주시립광적도서관장흥작은도서관양주시립옥정호수도서관
대한민국,경기도,양평군,양평군 중앙도서관양평군 양서친환경도서관양평군 어린이도서관양평군 용문도서관양평군 지평도서관양평군 양동도서관
대한민국,경기도,여주시,여주시립여주도서관여주시립세종도서관여주시립점동도서관여주시립대신도서관산북작은도서관북내작은도서관경기여주가남교육도서관
대한민국,경기도,연천군,연천군중앙도서관연천도서관상리작은도서관학마을작은도서관청산작은도서관무등실작은도서관신서작은도서관
대한민국,경기도,오산시,오산시 중앙도서관오산시 청학도서관오산시 햇살마루도서관오산시 양산도서관오산시 초평도서관세마작은도서관오산시 꿈두레도서관
대한민국,경기도,용인시 기흥구,기흥도서관흥덕도서관보라도서관구성도서관동백도서관구갈희망누리도서관청덕도서관
대한민국,경기도,용인시 수지구,느티나무도서관상현도서관수지도서관죽전도서관
대한민국,경기도,용인시 처인구,용인중앙도서관모현도서관포곡도서관양지해밀도서관이동꿈틀도서관남사도서관
대한민국,경기도,의왕시,의왕시중앙도서관의왕시내손도서관의왕시글로벌도서관오전빛고운도서관부곡글고운도서관내손책고운도서관청계참고운도서관
대한민국,경기도,의정부시,의정부과학도서관의정부어린이도서관의정부정보도서관의정부미술도서관의정부가재울도서관경기의정부교육도서관
대한민국,경기도,이천시,이천시립도서관이천시립어린이도서관이천시립청미도서관시청작은도서관율면작은도서관백사작은도서관이천시립효양도서관설성작은도서관증포송정작은도서관평생학습북카페작은도서관이천시립마장도서관신둔작은도서관호법작은도서관대월작은도서관모가작은도서관
대한민국,경기도,파주시,파주시립중앙도서관파주시립금촌도서관파주시립문산도서관파주시립법원도서관파주시립적성도서관파주시립조리도서관파주시립행복어린이도서관파주시립해솔도서관파주시립한빛도서관파주시립금촌3동솔빛도서관파주시립물푸레도서관파주시립가람도서관파주시립교하도서관금촌무지개작은도서관
대한민국,경기도,평택시,평택시립안중도서관평택시립비전도서관평택시립오성도서관송탄작은도서관매봉작은도서관서정작은도서관평택시립팽성도서관평택시립지산초록도서관포승작은도서관평택시립장당도서관평택시립진위도서관평택시립청북도서관평택시립세교도서관평택시립배다리도서관경기평택교육도서관
대한민국,경기도,포천시,포천시립중앙도서관포천시립소흘도서관포천시립일동도서관포천시립영중꿈나무도서관포천시립영북도서관포천시립가산도서관포천시립선단도서관경기포천교육도서관
대한민국,경기도,하남시,하남시 미사도서관하남시 디지털도서관하남시 일가도서관하남시 나룰도서관하남시 위례도서관하남시 세미도서관하남시 덕풍도서관
대한민국,경기도,화성시,화성시립동탄복합문화센터도서관화성시립남양도서관화성시립태안도서관화성시립삼괴도서관화성시립병점도서관화성시립두빛나래어린이도서관화성시립봉담도서관화성시립둥지나래어린이도서관화성시립송산도서관화성시립정남도서관화성시립진안도서관화성시립동탄중앙이음터도서관화성시립동탄다원이음터도서관화성시립송린이음터도서관화성시립동탄목동이음터도서관화성시립왕배푸른숲도서관경기화성교육도서관
대한민국,경상남도,거제시,거제시립장평도서관거제시립옥포도서관거제시립장승포도서관거제시립수양도서관거제시립하청도서관옥포작은도서관
대한민국,경상남도,거창군,거창군립한마음도서관경상남도교육청 거창도서관
대한민국,경상남도,고성군,경상남도교육청 고성도서관
대한민국,경상남도,김해시,불암동작은도서관분성IPARK작은도서관대동푸른뜰작은도서관U보라작은도서관칠암도서관책고래작은도서관대동한마음작은도서관떡갈나무숲작은도서관김해글로벗도서관대포천작은도서관뜨란채작은도서관덕산작은도서관이안나누리작은도서관글혜윰작은도서관한신책사랑작은도서관활천행복작은도서관화정글샘도서관한국작은도서관하늘빛작은도서관일동한신꿈나무작은도서관주촌디딤돌작은도서관장유대우작은도서관진영한빛도서관젤미작은도서관진례작은도서관중흥샘이깊은작은도서관장유도서관김해기적의도서관김해청소년문화의집캐슬작은도서관내외작은도서관팔판작은도서관리첼작은도서관석봉마을작은도서관생각이크는작은도서관시호미래작은도서관삼계푸르지오작은도서관소리작은도서관삼계로얄작은도서관율하e편한작은도서관우리작은도서관월산주공작은도서관팔판빛오름작은도서관유토피아작은도서관김해율하도서관경상남도교육청 김해도서관경상남도교육청 김해지혜의바다도서관
대한민국,경상남도,남해군,남해화전도서관
대한민국,경상남도,밀양시,밀양시립도서관밀양시립영어도서관경상남도교육청 하남도서관
대한민국,경상남도,사천시,경상남도교육청 사천도서관경상남도교육청 삼천포도서관
대한민국,경상남도,산청군,경상남도교육청 산청도서관
대한민국,경상남도,양산시,양산시립 중앙도서관양산시립 웅상도서관양산시립 영어도서관양산시립 상북어린이도서관양산시립 서창도서관경상남도교육청 양산도서관
대한민국,경상남도,의령군,경상남도교육청 의령도서관
대한민국,경상남도,진주시,진주시립연암도서관진주시립어린이전문도서관진주시립비봉어린이도서관진주시립서부도서관진주시립도동어린이도서관경상남도교육청 진양도서관
대한민국,경상남도,창원시,경상남도교육청 마산도서관경상남도교육청 마산지혜의바다도서관경상남도교육청 진동도서관경상남도교육청 창원도서관
대한민국,경상남도,창원시 마산합포구,마산합포도서관
대한민국,경상남도,창원시 마산회원구,마산회원도서관
대한민국,경상남도,창원시 성산구,성산도서관
대한민국,경상남도,창원시 의창구,창원중앙도서관경남대표도서관
대한민국,경상남도,창원시 진해구,진해도서관
대한민국,경상남도,통영시,통영시립도서관꿈이랑도서관통영시립욕지도서관통영시립충무도서관
대한민국,경상남도,함안군,경상남도교육청 함안도서관함안군립도서관
대한민국,경상남도,함양군,경상남도교육청 함양도서관
대한민국,경상남도,합천군,경상남도교육청 합천도서관
대한민국,경상북도,경산시,경산시립도서관경산시립장산도서관경상북도교육청정보센터
대한민국,경상북도,경주시,경주시립도서관경주시립송화도서관경주시립중앙도서관경주시립칠평도서관경주시립감포도서관경주시립단석도서관경상북도교육청 외동도서관
대한민국,경상북도,고령군,다산도서관경상북도교육청 고령도서관
대한민국,경상북도,구미시,구미시립중앙도서관구미시립상모정수도서관구미시립인동도서관구미시립봉곡도서관구미시립선산도서관원평으뜸작은도서관해평누리작은도서관구미시립양포도서관경상북도교육청연수원 도서관경상북도교육청 구미도서관
대한민국,경상북도,군위군,경상북도교육청 삼국유사군위도서관
대한민국,경상북도,문경시,경상북도교육청 점촌도서관경상북도교육청 점촌도서관 가은분관
대한민국,경상북도,봉화군,경상북도교육청 봉화도서관
대한민국,경상북도,상주시,경상북도교육청 상주도서관경상북도교육청 상주도서관 화령분관
대한민국,경상북도,성주군,경상북도교육청 성주도서관
대한민국,경상북도,안동시,안동시립웅부도서관안동시립어린이도서관안동시립중앙도서관경상북도교육청 안동도서관경상북도교육청 안동도서관 용상분관경상북도교육청 안동도서관 풍산분관
대한민국,경상북도,영덕군,경상북도교육청 영덕도서관
대한민국,경상북도,영양군,경상북도교육청 영양도서관
대한민국,경상북도,영주시,경상북도교육청 영주선비도서관경상북도교육청 영주선비도서관 풍기분관
대한민국,경상북도,영천시,영천시립도서관경상북도교육청 금호도서관
대한민국,경상북도,예천군,경북도서관경상북도교육청 예천도서관
대한민국,경상북도,울릉군,경상북도교육청 울릉도서관
대한민국,경상북도,울진군,울진남부도서관죽변면도서관울진작은도서관근남작은도서관매화작은도서관기성작은도서관평해작은도서관온정작은도서관경상북도교육청 울진도서관
대한민국,경상북도,의성군,의성군립도서관경상북도교육청 의성도서관
대한민국,경상북도,청도군,경상북도교육청 청도도서관
대한민국,경상북도,청송군,경상북도교육청 청송도서관
대한민국,경상북도,칠곡군,칠곡군립도서관칠곡군립북삼도서관칠곡군립석적도서관경상북도교육청 칠곡도서관
대한민국,경상북도,포항시,경상북도교육청문화원 종합정보자료실경상북도교육청 영일도서관
대한민국,경상북도,포항시 남구,포항시립대잠도서관포항시립영암도서관포항시립오천공공도서관포항시립동해석곡도서관해도동 바다섬작은도서관청림동 푸른숲작은도서관효곡동 행복작은도서관오천읍 해와달작은도서관상대동 큰섬마을작은도서관연일읍 미르작은도서관대송면 큰솔작은도서관효곡동 그린숲작은도서관송도동 솔향작은도서관오천읍 그루터기작은도서관청림동 찬내작은도서관구룡포 미르아라작은도서관근로종합복지회관작은도서관효곡동 열린작은도서관포항시립어린이영어도서관
대한민국,경상북도,포항시 북구,포항시립포은중앙도서관양학동 부학작은도서관신광면 비학산작은도서관두호동 두무치작은도서관장량동 참사랑작은도서관죽도동 청암작은도서관환여동 해맞이꿈터작은도서관기계면 버드내작은도서관환여동 환호어린이작은도서관죽도동 맑은물작은도서관청하면 해아작은도서관장량동 다솜작은도서관장량동 햇살작은도서관두호동 책이랑바다랑작은도서관흥해읍 내맏이작은도서관흥해읍 어리골작은도서관용흥동 솔개재작은도서관죽장면 참느리작은도서관장량동 해뜰참작은도서관장량동 꿈마루작은도서관흥해읍 참새미작은도서관장량동 바람숲작은도서관
대한민국,광주광역시,광산구,광산구립장덕도서관광산구립이야기꽃도서관광산구립첨단도서관광산구립운남어린이도서관광산구립신가도서관광주송정도서관
대한민국,광주광역시,남구,광주광역시립사직도서관광주남구문화정보도서관광주남구푸른길도서관금호평생교육관
대한민국,광주광역시,동구,광주광역시립산수도서관광주중앙도서관
대한민국,광주광역시,북구,광주광역시립무등도서관광주 북구 일곡도서관광주 북구 운암도서관광주 북구 양산도서관광주중앙도서관 분관 최상준도서관
대한민국,광주광역시,서구,광주 서구 상록도서관광주 서구 어린이생태학습도서관광주 서구 공공도서관광주학생독립운동기념회관광주학생교육문화회관
대한민국,대구광역시,남구,대구광역시립남부도서관이천어울림도서관대명어울림도서관
대한민국,대구광역시,달서구,대구광역시립두류도서관달서구립성서도서관달서구립가족문화도서관달서구립달서영어도서관달서구립본리도서관달서구립도원도서관달서구립어린이도서관
대한민국,대구광역시,달성군,대구광역시립달성도서관화원읍 작은도서관논공읍 작은도서관하빈면 작은도서관유가읍 작은도서관가창면 참꽃 작은도서관다사읍 서재 작은도서관옥포읍 작은도서관구지면 작은도서관달성군립도서관
대한민국,대구광역시,동구,대구2.28기념학생도서관대구광역시립동부도서관대구 동구 안심도서관대구 동구 신천도서관반야월 작은도서관효목2동 작은도서관불로어울림 작은도서관신암3동 작은도서관효목1동 작은도서관신천3동 작은도서관신암2동 작은도서관도평동 작은도서관동촌역사 작은도서관해안동 작은도서관지저동 작은도서관동구청 작은도서관
대한민국,대구광역시,북구,대구광역시립북부도서관대구 북구 대현도서관대구 북구 구수산도서관대구 북구 태전도서관
대한민국,대구광역시,서구,대구광역시립서부도서관대구 서구 원고개도서관대구 서구 비원도서관대구 서구 비산도서관대구 서구 영어도서관대구 서구 어린이도서관
대한민국,대구광역시,수성구,대구광역시립수성도서관수성구립사월역작은도서관수성구립파동도서관수성구립범어도서관수성구립용학도서관수성구립고산도서관수성구립무학숲도서관수성구립책숲길도서관수성구립물망이도서관
대한민국,대구광역시,중구,대구광역시립중앙도서관2.28도서관
대한민국,대전광역시,대덕구,신탄진도서관안산도서관송촌도서관
대한민국,대전광역시,동구,가오도서관용운도서관판암도서관성남작은도서관무지개도서관홍도도서관자양도서관
대한민국,대전광역시,서구,갈마도서관둔산도서관가수원도서관대전 서구 어린이도서관월평도서관
대한민국,대전광역시,유성구,유성도서관 엑스포분관노은도서관유성도서관진잠도서관구즉도서관구암도서관관평도서관원신흥도서관
대한민국,대전광역시,중구,한밭도서관대전학생교육문화원산성도서관
대한민국,부산광역시,강서구,부산광역시 강서도서관부산광역시 강서기적의도서관
대한민국,부산광역시,금정구,부산광역시 금정도서관부산광역시립서동도서관
대한민국,부산광역시,기장군,부산광역시 기장도서관부산광역시 정관도서관부산광역시 기장디지털도서관부산광역시 정관어린이도서관부산광역시 대라다목적도서관부산광역시 고촌어울림도서관부산광역시 내리새라도서관
대한민국,부산광역시,남구,부산광역시 남구도서관부산광역시 분포도서관
대한민국,부산광역시,동구,부산광역시립중앙도서관 수정분관부산광역시 동구도서관부산광역시 동구어린이영어도서관
대한민국,부산광역시,동래구,부산광역시립명장도서관부산광역시 동래읍성도서관부산광역시 안락누리도서관
대한민국,부산광역시,부산진구,부산광역시립부전도서관부산광역시립시민도서관부산영어도서관부산광역시 부산진구어린이청소년도서관
대한민국,부산광역시,북구,부산광역시립구포도서관부산광역시 만덕도서관부산광역시 화명도서관부산광역시 금곡도서관
대한민국,부산광역시,사상구,부산광역시 사상도서관부산도서관
대한민국,부산광역시,사하구,부산광역시립사하도서관부산광역시 다대도서관
대한민국,부산광역시,서구,부산광역시립구덕도서관
대한민국,부산광역시,수영구,부산광역시 수영구도서관부산광역시 망미도서관부산광역시 수영구어린이도서관
대한민국,부산광역시,연제구,부산광역시립연산도서관부산광역시 연제도서관
대한민국,부산광역시,영도구,부산광역시 영도도서관부산광역시 영도도서관 남항분관
대한민국,부산광역시,중구,부산광역시립중앙도서관
대한민국,부산광역시,해운대구,부산광역시 재송어린이도서관부산광역시립해운대도서관부산광역시립반송도서관부산광역시립해운대도서관 우동분관부산광역시 반여도서관부산광역시 해운대인문학도서관
대한민국,서울특별시,강남구,서울특별시교육청개포도서관서울특별시교육청강남도서관강남구립도곡정보문화도서관강남구립논현도서관대치1동작은도서관강남구립대치도서관강남구립행복한도서관도곡2동작은도서관세곡도서관개포4동작은도서관일원본동작은도서관강남구립청담도서관논현정보도서관강남구립즐거운도서관강남구립정다운도서관강남구립역삼도서관강남구립열린도서관강남구립역삼푸른솔도서관삼성도서관역삼2동작은도서관신사동작은도서관압구정동문고일원2동문고수서동작은도서관일원1동작은도서관강남구립못골한옥어린이도서관강남구립못골도서관
대한민국,서울특별시,강동구,서울특별시교육청강동도서관서울특별시교육청고덕평생학습관강동구립성내도서관강동구립해공도서관강동구립강일도서관강동구립암사도서관강동구립천호도서관강동구립둔촌도서관
대한민국,서울특별시,강북구,송중문화정보도서관삼각산어린이도서관수유문화정보도서관미아문화정보도서관솔샘문화정보도서관강북청소년문화정보도서관강북문화정보도서관
대한민국,서울특별시,강서구,서울특별시교육청강서도서관강서구립등빛도서관강서구립가양도서관강서구립곰달래도서관강서구립우장산숲속도서관강서영어도서관강서구립길꽃어린이도서관강서구립꿈꾸는어린이도서관강서구립푸른들청소년도서관
대한민국,서울특별시,관악구,관악중앙도서관성현동작은도서관글빛정보도서관은천동작은도서관조원도서관책이랑놀이랑도서관관악산詩도서관낙성대공원도서관용꿈꾸는작은도서관고맙습니다 하난곡작은도서관도림천에서용나는작은도서관
대한민국,서울특별시,광진구,광진정보도서관중곡문화체육센터도서관자양제4동도서관구의제3동도서관자양한강도서관
대한민국,서울특별시,구로구,서울특별시교육청고척도서관서울특별시교육청구로도서관구로꿈나무어린이도서관꿈마을도서관온누리도서관개봉어린이도서관하늘도서관개봉도서관글마루한옥어린이도서관신도림어린이영어작은도서관궁동어린이도서관구로기적의도서관
대한민국,서울특별시,금천구,금천구립가산도서관금천구립독산도서관금천구립시흥도서관금천구립금나래도서관
대한민국,서울특별시,노원구,서울특별시교육청노원평생학습관노원중앙도서관노원어린이도서관월계도서관상계도서관불암도서관
대한민국,서울특별시,도봉구,서울특별시교육청도봉도서관도봉문화정보도서관도봉구청 행복작은도서관도봉1동 공립 작은도서관도봉2동 공립 작은도서관방학1동 공립 작은도서관방학2동 공립 작은도서관방학3동 공립 작은도서관쌍문1동 공립 작은도서관쌍문2동 공립 작은도서관쌍문3동 공립 작은도서관쌍문4동 공립 작은도서관창1동 공립 작은도서관창2동 공립 작은도서관창3동 공립 작은도서관창4동 공립 작은도서관창5동 공립 작은도서관북서울중학교도봉아이나라도서관방학동육아종합지원센터도봉구립학마을도서관창동육아종합지원센터도봉구립무수골도서관도봉기적의도서관지혜의등대 작은도서관둘리도서관쌍문채움도서관
대한민국,서울특별시,동대문구,동대문구정보화도서관장안어린이도서관용두어린이영어도서관이문체육문화센터 어린이도서관이문어린이도서관동대문구답십리도서관전곡마을 작은도서관장안 가온누리 작은도서관동대문구 장안 벚꽃길 작은도서관휘경어린이도서관서울특별시교육청동대문도서관장안마루 작은도서관답십리1동 아름드리 작은도서관답십리2동 민들레 작은도서관이문2동 작은도서관장안2동 작은도서관용신동 작은도서관회기동 꿈자람 작은도서관장안1동 작은도서관제기동 미래뜰 작은도서관휘경2동 꿈빛누리 작은도서관이문1동 꿈꾸는 작은도서관휘경1동 새싹마루 작은도서관전농2동 뜨락 작은도서관동대문책마당도서관배봉산 숲속도서관장안꿈마루어린이 작은도서관
대한민국,서울특별시,동작구,서울특별시교육청동작도서관사당솔밭도서관동작어린이도서관대방어린이도서관약수도서관동작샘터도서관다울작은도서관국사봉숲속작은도서관구립김영삼도서관
대한민국,서울특별시,마포구,서울특별시교육청마포평생학습관서울특별시교육청마포평생학습관아현분관마포중앙도서관마포구립서강도서관꿈나래어린이영어도서관꿈을이루는작은도서관마포구립늘푸른소나무작은도서관마포어린이영어도서관마포푸르메어린이도서관복사골작은도서관성메작은도서관성산글마루작은도서관아름드리작은도서관용강동작은도서관해오름작은도서관
대한민국,서울특별시,서대문구,서울특별시교육청서대문도서관서대문구립이진아기념도서관홍은도담도서관남가좌새롬어린이도서관알음알음작은도서관하늘샘작은도서관북아현마을 북카페아이누리작은도서관행복작은도서관논골작은도서관파랑새작은도서관이팝꽃향기작은도서관늘푸른열린작은도서관가슴따뜻한작은도서관새싹작은도서관문화촌작은도서관햇살작은도서관꿈이있는작은도서관
대한민국,서울특별시,서초구,서초구립반포도서관서초1동 작은도서관서이도서관서초3동 작은도서관서초4동 작은도서관잠원도서관반포본동 작은도서관반포1동 작은도서관반포2동 작은도서관반포3동작은도서관반포4동 작은도서관방배본동 작은도서관방배1동 작은도서관방배2동 책사랑방방배도서관방배4동 작은도서관양재1동 작은도서관양재2동 작은도서관서초구립내곡도서관서초그림책도서관서초구립양재도서관서초청소년도서관
대한민국,서울특별시,성동구,성동구립도서관성동구립무지개도서관성동구립금호도서관성동구립용답도서관성동구립성수도서관성동구립청계도서관성동구립숲속도서관
대한민국,서울특별시,성북구,성북정보도서관해오름도서관아리랑도서관서경로꿈마루도서관석관동미리내도서관정릉도서관달빛마루도서관청수도서관종암동새날도서관월곡꿈그림도서관아리랑어린이도서관장위행복누림도서관성북길빛도서관글빛도서관
대한민국,서울특별시,송파구,서울특별시교육청송파도서관송파글마루도서관송파어린이도서관거마도서관소나무언덕잠실본동도서관송파어린이영어작은도서관돌마리도서관가락몰도서관소나무언덕1호작은도서관소나무언덕2호작은도서관소나무언덕3호작은도서관소나무언덕4호작은도서관송파위례도서관
대한민국,서울특별시,양천구,서울특별시교육청양천도서관양천중앙도서관갈산도서관개울건강도서관목마교육도서관미감도서관방아다리문학도서관신월음악도서관영어특성화도서관해맞이역사도서관
대한민국,서울특별시,영등포구,대림도서관서울특별시교육청영등포평생학습관문래도서관선유도서관여의샛강마을도서관
대한민국,서울특별시,용산구,서울특별시교육청남산도서관서울특별시교육청용산도서관용산꿈나무도서관청파도서관청파어린이영어도서관용암어린이영어도서관후암동 작은도서관해다올 작은도서관남영동 작은도서관원효로제2동 작은도서관효창동 작은도서관오렌지나무 작은도서관한강로동 작은도서관이촌2동 작은도서관회나무 작은도서관한남동 작은도서관서빙고동 작은도서관작은도서관 꿈꾸는책마을별밭 작은도서관청소년 푸르미르 작은도서관
대한민국,서울특별시,은평구,은평구립도서관은평구립증산정보도서관은평구립응암정보도서관구립상림도서관신사어린이도서관불광천작은도서관녹번만화도서관은평뉴타운도서관은평구행정자료실은평작은도서관대조꿈나무어린이도서관응암1동문화의집문고갈현1동문화의집효경골마을문고은평어린이영어도서관역마루작은도서관은평구립구산동도서관마을내를건너서숲으로도서관은평구립은뜨락도서관
대한민국,서울특별시,종로구,서울특별시교육청서울시립어린이도서관서울특별시교육청정독도서관서울특별시교육청종로도서관
대한민국,서울특별시,중구,서울도서관다산성곽도서관가온도서관어울림도서관남산타운 어린이도서관신당누리도서관손기정 어린이도서관손기정 문화도서관장충동 작은도서관
대한민국,서울특별시,중랑구,중랑구립정보도서관중랑구립면목정보도서관중랑숲어린이도서관중화어린이도서관중랑구립양원숲속도서관
대한민국,세종특별자치시,고운동,세종시립도서관고운동도서관고운남측도서관
대한민국,세종특별자치시,다정동,다정동도서관
대한민국,세종특별자치시,대평동,대평동도서관
대한민국,세종특별자치시,도담동,국립세종도서관도담동도서관
대한민국,세종특별자치시,반곡동,반곡동도서관
대한민국,세종특별자치시,보람동,보람동도서관
대한민국,세종특별자치시,새롬동,새롬동도서관
대한민국,세종특별자치시,세종시,세종평생교육학습관
대한민국,세종특별자치시,소담동,소담동도서관
대한민국,세종특별자치시,아름동,아름동도서관
대한민국,세종특별자치시,종촌동,종촌동도서관
대한민국,세종특별자치시,한솔동,한솔동도서관
대한민국,세종특별자치시,해밀동,해밀동도서관
대한민국,울산광역시,남구,울산남부도서관울산 남구 도산도서관울산 남구 월봉도서관울산 남구 신복도서관울산 남구 옥현어린이도서관울산도서관
대한민국,울산광역시,동구,울산동부도서관남목도서관꽃바위작은도서관남목작은도서관전하작은도서관화정작은도서관
대한민국,울산광역시,북구,울산 북구 중앙도서관울산 북구 기적의도서관울산 북구 농소1동도서관울산 북구 농소3동도서관울산 북구 염포양정도서관울산 북구 명촌어린이도서관울산 북구 매곡도서관푸른작은도서관책가방작은도서관책사랑작은도서관책누리작은도서관책놀이터작은도서관다울림작은도서관책마루작은도서관가온누리작은도서관양정작은도서관(달팽이)햇살작은도서관꿈꾸는작은도서관아름드리작은도서관극동푸른작은도서관
대한민국,울산광역시,울주군,울주도서관
대한민국,울산광역시,중구,약숫골도서관울산중부도서관
대한민국,인천광역시,계양구,인천광역시교육청계양도서관
대한민국,인천광역시,남동구,미추홀도서관인천광역시교육청중앙도서관남동논현도서관소래도서관서창도서관
대한민국,인천광역시,동구,인천광역시교육청화도진도서관
대한민국,인천광역시,미추홀구,인천광역시교육청주안도서관인천광역시 수봉도서관
대한민국,인천광역시,부평구,부평구립청천도서관부평구립갈산도서관부평구립삼산도서관부평구립부개어린이도서관부평기적의도서관부평구립부개도서관인천광역시교육청북구도서관인천광역시교육청부평도서관
대한민국,인천광역시,서구,인천 서구 석남도서관인천 서구 검단도서관인천 서구 심곡도서관인천 서구 신석도서관인천 서구 검암도서관인천광역시교육청서구도서관청라호수도서관청라국제도서관마전도서관
대한민국,인천광역시,연수구,인천광역시교육청연수도서관인천광역시교육청평생학습관송도국제기구도서관
대한민국,인천광역시,중구,인천광역시 율목도서관인천광역시 꿈벗도서관인천광역시 영종도서관영종하늘도서관
대한민국,전라남도,강진군,강진군도서관
대한민국,전라남도,고흥군,고흥평생교육관고흥군립중앙도서관고흥군립남부도서관고흥군립북부도서관
대한민국,전라남도,곡성군,옥과공공도서관곡성교육문화회관
대한민국,전라남도,광양시,광양평생교육관광양공공도서관광양중앙도서관광양중마도서관광양희망도서관광양용강도서관
대한민국,전라남도,구례군,구례공공도서관구례군 매천도서관
대한민국,전라남도,나주시,나주공공도서관남평공공도서관
대한민국,전라남도,담양군,담양공공도서관
대한민국,전라남도,목포시,목포공공도서관목포시립도서관목포어린이도서관목포영어도서관
대한민국,전라남도,무안군,전라남도립도서관무안공공도서관
대한민국,전라남도,보성군,보성공공도서관벌교공공도서관
대한민국,전라남도,순천시,순천시립삼산도서관순천시립연향도서관풍덕글마루작은도서관순천시립조례호수도서관해룡농어촌도서관순천시립그림책도서관순천기적의도서관순천시립신대도서관
대한민국,전라남도,신안군,신안군립도서관
대한민국,전라남도,여수시,여수시립쌍봉도서관여수시립현암도서관여수시립환경도서관여수시립돌산도서관여수시립소라도서관여수시립율촌도서관전남학생교육문화회관여수시립이순신도서관
대한민국,전라남도,영광군,영광공공도서관
대한민국,전라남도,영암군,영암공공도서관
대한민국,전라남도,장성군,장성공공도서관
대한민국,전라남도,장흥군,장흥공공도서관
대한민국,전라남도,진도군,진도공공도서관
대한민국,전라남도,함평군,함평공공도서관
대한민국,전라남도,해남군,해남공공도서관해남군립도서관
대한민국,전라남도,화순군,화순공공도서관
대한민국,전라북도,고창군,전라북도교육청고창도서관
대한민국,전라북도,군산시,군산시립도서관군산시립늘푸른도서관군산시립설림도서관군산시립임피채만식도서관군산교육문화회관군산교육문화회관 대야분관
대한민국,전라북도,김제시,김제시립도서관김제만경도서관김제금구도서관희망남포작은도서관죽산작은도서관길보작은도서관새마을작은도서관검산작은도서관교동골작은도서관청하사랑작은도서관김제교육문화회관김제교육문화회관 금산분관
대한민국,전라북도,남원시,남원교육문화회관남원교육문화회관 운봉분관
대한민국,전라북도,무주군,무주형설지공군립도서관전라북도교육청무주도서관
대한민국,전라북도,부안군,부안교육문화회관
대한민국,전라북도,순창군,순창군립도서관전라북도교육청순창도서관
대한민국,전라북도,완주군,완주군립중앙도서관완주군립삼례도서관완주군립고산도서관완주군립둔산영어도서관완주군립콩쥐팥쥐도서관전라북도교육청완주도서관
대한민국,전라북도,익산시,익산시립모현도서관익산시립마동도서관익산시립영등도서관익산시립부송도서관익산시립황등도서관익산시립금마도서관익산교육문화회관익산교육문화회관 함열분관
대한민국,전라북도,임실군,전라북도교육청임실도서관
대한민국,전라북도,장수군,전라북도교육청장수도서관
대한민국,전라북도,전주시 덕진구,전주시립아중도서관전주시립건지도서관전주시립송천도서관전주시립금암도서관전주시립인후도서관전주시립쪽구름도서관전주교육문화회관
대한민국,전라북도,전주시 완산구,전주시립완산도서관전주시립평화도서관전주시립삼천도서관전주시립서신도서관전주시립효자도서관전북도청도서관전주시립도서관 꽃심
대한민국,전라북도,정읍시,정읍학생복지회관
대한민국,전라북도,진안군,전라북도교육청진안도서관
대한민국,제주특별자치도,서귀포시,제주 삼매봉도서관제주 중앙도서관제주 동부도서관제주 서부도서관서귀포기적의도서관제주 안덕산방도서관제주 표선도서관제주 성산일출도서관
대한민국,제주특별자치도,제주시,한라도서관제주 우당도서관제주 탐라도서관제주기적의도서관제주 조천도서관제주 애월도서관제주 한경도서관
대한민국,충청남도,공주시,충청남도공주교육지원청 공주도서관충청남도공주교육지원청 유구도서관공주기적의도서관공주시 웅진도서관
대한민국,충청남도,금산군,금산인삼고을도서관진산도서관금산작은도서관추부도서관금산기적의도서관충청남도금산교육지원청 금산도서관
대한민국,충청남도,논산시,충청남도교육청 남부평생교육원논산열린도서관논산강경도서관논산연무도서관장항공공도서관
대한민국,충청남도,당진시,당진시립중앙도서관당진시립합덕도서관당진시립송악도서관원당꿈초롱 작은도서관송악샘터 작은도서관송악해나루 작은도서관고대웃음꽃 작은도서관석문생각나무 작은도서관대호지책나래 작은도서관순성반딧불이 작은도서관신평책다솜 작은도서관송산개미 작은도서관충청남도당진교육지원청 당진도서관
대한민국,충청남도,보령시,충청남도보령교육지원청 보령도서관충청남도보령교육지원청 웅천도서관
대한민국,충청남도,부여군,충청남도부여교육지원청 부여도서관홍산공공도서관
대한민국,충청남도,서산시,서산시립도서관대산도서관인지작은도서관고북작은도서관부석작은도서관충청남도서산교육지원청 해미도서관충청남도교육청 서부평생교육원
대한민국,충청남도,서천군,충청남도서천교육지원청 서천도서관
대한민국,충청남도,아산시,아산시 중앙도서관아산시 송곡도서관아산시 배방도서관아산시 둔포도서관아산시 꿈샘어린이청소년도서관아산시 탕정온샘도서관충청남도아산교육지원청 아산도서관
대한민국,충청남도,예산군,삽교공공도서관충청남도예산교육지원청 예산도서관예산군립도서관
대한민국,충청남도,음성군,맹동혁신도서관대소도서관삼성도서관감곡도서관
대한민국,충청남도,천안시 동남구,천안시중앙도서관천안시아우내도서관천안시신방도서관충청남도교육청 학생교육문화원충청남도교육청 평생교육원천안시청수도서관
대한민국,충청남도,천안시 서북구,천안시성거도서관천안시두정도서관천안시도솔도서관천안시쌍용도서관충청남도천안교육지원청 성환도서관천안아산상생협력센터도서관
대한민국,충청남도,청양군,충청남도청양교육지원청 청양도서관
대한민국,충청남도,태안군,충청남도태안교육지원청 태안도서관태안군립중앙도서관
대한민국,충청남도,홍성군,충남도서관충청남도홍성교육지원청 홍성도서관광천공공도서관
대한민국,충청북도,괴산군,괴산교육도서관
대한민국,충청북도,단양군,단양교육도서관단양군립다누리도서관단양군립매포도서관
대한민국,충청북도,보은군,보은교육도서관
대한민국,충청북도,영동군,영동교육도서관
대한민국,충청북도,옥천군,옥천교육도서관옥천군민도서관
대한민국,충청북도,음성군,음성교육도서관금왕교육도서관
대한민국,충청북도,제천시,제천시립도서관제천학생회관여성도서관봉양도서관
대한민국,충청북도,증평군,증평교육도서관증평군립도서관
대한민국,충청북도,진천군,진천교육도서관진천군립도서관진천군립광혜원도서관생거진천혁신도시도서관
대한민국,충청북도,청주시 상당구,미원교육도서관청주시립도서관(임시청사)청주상당도서관
대한민국,충청북도,청주시 서원구,충청북도교육도서관청주서원도서관청주기적의도서관
대한민국,충청북도,청주시 청원구,충청북도교육문화원청주청원도서관청주오창도서관청주오창호수도서관
대한민국,충청북도,청주시 흥덕구,청주오송도서관청주흥덕도서관청주신율봉어린이도서관청주강내도서관청주옥산도서관
대한민국,충청북도,충주시,충청북도중원교육문화원중원교육도서관
