강좌명,대상,기간
[한 주제로 함께 읽기] <책들의 부엌> 김지혜 작가 북토크,전연령,2022.09.14(수)~2022.09.14(수)
[팹라이브러리] 장비사용안전교육(9/24),전연령,2022.09.24(토)~2022.09.24(토)
[팹라이브러리] 장비사용안전교육(9/17),전연령,2022.09.17(토)~2022.09.17(토)
[미디어창작관] 9월: OBS를 활용한 책 소개 영상 제작,성인,2022.09.24(토)~2022.09.24(토)
마지막 주 문화가 있는 수요일 < 설거지 비누 만들기> [9/28],청소년,2022.09.28(수)~2022.09.28(수)
2022년 하반기 광진정보도서관 청소년독서회(중학교 2/3학년),청소년,2022.09.04(일)~2022.12.18(일)
2022년 하반기 광진정보도서관 청소년독서회(중학교 1학년),청소년,2022.09.24(토)~2022.12.24(토)
[메이커-교육] 웹툰창작 중급반 참가자 모집,어린이,2022.09.04(일)~2022.11.20(일)
[메이커-교육] 웹툰창작 초급반 참가자 모집,어린이,2022.09.04(일)~2022.11.20(일)
[메이커-교육] 3D 공작소: 3D모델링-Blender 중급반,어린이,2022.08.27(토)~2022.11.05(토)
[온라인] 광진정보도서관 작가와의 만남 <일생도서관: 8월 노명우 교수>,전연령,2022.08.26(금)~2022.08.26(금)
[오프라인] 광진정보도서관 작가와의 만남 <일생도서관: 8월 노명우 교수>,전연령,2022.08.26(금)~2022.08.26(금)
[메이커-교육] 웹툰창작 성인반 참가자 모집,성인,2022.09.04(일)~2022.11.20(일)
[팹라이브러리]에서 놀자! 진공성형기를 활용한 석고방향제 만들기! (8/25~8/26),전연령,2022.08.25(목)~2022.08.26(금)
[팹라이브러리] 장비사용안전교육(8/27),전연령,2022.08.27(토)~2022.08.27(토)
[팹라이브러리] 매월(8월) 마지막 주 문화가 있는 수요일 <감성놀이 드림캐처 작품 만들기> [8/31],어린이,2022.08.31(수)~2022.08.31(수)
[팹라이브러리] 장비사용안전교육(8/13),전연령,2022.08.13(토)~2022.08.13(토)
8월 문화가 있는 수요일 웹툰 창작 체험: 덕질툰 그리기,전연령,2022.08.31(수)~2022.08.31(수)
2022년 도서관 지혜학교,성인,2022.08.10(수)~2022.10.26(수)
[미디어창작공간] 8월: OBS를 활용한 영화 리뷰 영상 제작,성인,2022.08.20(토)~2022.08.20(토)
[메이커-교육] 어린이 영상편집 교육 여름 특강,어린이,2022.08.10(수)~2022.08.12(금)
광진정보도서관 여름방학 독서교실 [광브르 곤충아카데미] ,어린이,2022.08.09(화)~2022.08.12(금)
[광진-오프라인] 시니어 스마트폰 활용 교육지도사 양성과정,성인,2022.07.18(월)~2022.08.29(월)
[팹라이브러리]에서 놀자! 유니맷 직소를 활용한 양인형 만들기!(7/29),어린이,2022.07.29(금)~2022.07.29(금)
[팹라이브러리]에서 놀자! 유니맷 직소를 활용한 양인형 만들기!(7/28),어린이,2022.07.28(목)~2022.07.28(목)
[팹라이브러리]  3D모델링 피규어 만들기 (퓨전360+3D프린터),성인,2022.07.10(일)~2022.10.02(일)
[오프라인] 광진정보도서관 작가와의 만남 <일생도서관: 7월 홍인혜(LUNA) 작가>,전연령,2022.07.15(금)~2022.07.15(금)
[온라인] 광진정보도서관 작가와의 만남 <일생도서관: 7월 홍인혜(LUNA) 작가>,전연령,2022.07.15(금)~2022.07.15(금)
재공지 [광진-온라인] 정여울의 글쓰기 수업 -2022년 주민참여인문학 Ⅱ,전연령,2022.07.07(목)~2022.08.11(목)
[광진-온라인] 우리 각자의 미술관 -2022년 주민참여인문학 Ⅰ,전연령,2022.07.06(수)~2022.07.27(수)
7월 문화가 있는 수요일 웹툰 창작 체험: 꿈툰 그리기,전연령,2022.07.27(수)~2022.07.27(수)
[온라인] <2022년 광진구 독서동아리 사업설명회>,성인,2022.06.29(수)~2022.06.29(수)
[미디어창작공간] 7월: OBS를 활용한 취미&여행지 소개 영상 만들기,성인,2022.07.16(토)~2022.07.16(토)
[팹라이브러리] 원데이클래스 : 전문강사님과 함께하는 '재봉틀 컵홀더 만들기',청소년,2022.07.14(목)~2022.07.14(목)
[팹라이브러리] 매월(7월) 마지막 주 문화가 있는 수요일 <신소재 슈링클스&3D펜 작품만들기> [7/27],어린이,2022.07.27(수)~2022.07.27(수)
[팹라이브러리] 장비사용안전교육(7/23),전연령,2022.07.23(토)~2022.07.23(토)
[팹라이브러리] 장비사용안전교육(7/9),전연령,2022.07.09(토)~2022.07.09(토)
[대면]2022년 광진정보도서관 북스타트 자원활동가 모집 및 양성교육 (총 6회),성인,2022.07.04(월)~2022.08.08(월)
[온라인] 광진정보도서관 작가와의 만남 <일생도서관: 6월 오세란 청소년문학평론가>,전연령,2022.06.29(수)~2022.06.29(수)
"자양한강도서관 2022 북스타트프로그램 '그림책으로 맘 준비, 맘 돌봄!'(대면)",전연령,2022.06.29(수)~2022.07.20(수)
[메이커-교육] 웹툰창작 중급반 참가자 모집,어린이,2022.06.26(일)~2022.08.28(일)
[메이커-교육] 웹툰창작 초급반 참가자 모집,어린이,2022.06.26(일)~2022.08.28(일)
[메이커-교육] 그림책과 함께하는 유쾌한 코딩,어린이,2022.06.25(토)~2022.09.17(토)
업사이클로 만나는 그림책(성인)(2022년 광진정보도서관 교육문화프로그램 2차),성인,2022.06.24(금)~2022.07.15(금)
"[팹라이브러리]에서 놀자! 밴딩 패턴을 이용한 MDF 꼬마상자 만들기 (퓨전360 & 레이저 커팅기) [6/17, 6/24 _ 총 2회차] ",전연령,2022.06.17(금)~2022.06.24(금)
[미디어창작공간] 6월: OBS를 활용한 우리 가족 뉴스 만들기,어린이,2022.06.18(토)~2022.06.18(토)
[온라인] 광진정보도서관 작가와의 만남 <일생도서관: 6월 김민형 교수>,전연령,2022.06.16(목)~2022.06.16(목)
[메이커-교육] 3D 공작소: 3D 모델링 창의교육,어린이,2022.06.11(토)~2022.08.13(토)
전쟁으로 만나는 한국사(초등 5~6)(2022년 광진정보도서관 교육문화프로그램 2차),어린이,2022.06.11(토)~2022.07.16(토)
와글와글 과학놀터 (심화)(초등 3~4)(2022년 광진정보도서관 교육문화프로그램 2차),어린이,2022.06.11(토)~2022.07.30(토)
와글와글 과학놀터 (기초)(초등 1~2)(2022년 광진정보도서관 교육문화프로그램 2차),어린이,2022.06.11(토)~2022.07.30(토)
[팹라이브러리] 장비사용안전교육(6/25),전연령,2022.06.25(토)~2022.06.25(토)
[팹라이브러리] 장비사용안전교육(6/11),전연령,2022.06.11(토)~2022.06.11(토)
6월 문화가 있는 수요일 웹툰 창작 체험: 사파리 여행툰 그리기,전연령,2022.06.29(수)~2022.06.29(수)
[팹라이브러리] 매월(6월) 마지막 주 문화가 있는 수요일 <나만의 우드버닝 작품만들기> ,전연령,2022.06.29(수)~2022.06.29(수)
[온라인]2022 광진정보도서관 일상에서 만나는 인문학 <난처한 동양미술 이야기>,전연령,2022.06.03(금)~2022.07.08(금)
문해력 글쓰기 트레이닝(2022년 광진정보도서관 교육문화프로그램 2차),어린이,2022.06.02(목)~2022.07.07(목)
사진 읽어주는 도서관: 스마트폰으로 사진 잘 찍기(성인)(2022년 광진정보도서관 교육문화프로그램 2차),성인,2022.06.02(목)~2022.07.21(목)
[메이커-교육] 웹툰창작 성인반 참가자 모집,성인,2022.06.09(목)~2022.08.11(목)
한 주제로 함께 읽기 서포터즈 모집,전연령,2022.06.02(목)~2022.12.31(토)
[오프라인] 뮤키디오 콘서트<오늘의 난 미지근하게 축제>,성인,2022.05.28(토)~2022.05.28(토)
[중곡 온라인]  이남옥 교수 특강 <가족: 가장 가까이에 나와 닮은 타인들> 행복한 가족은 무엇이 다를까,전연령,2022.05.26(목)~2022.05.26(목)
[온라인] 2022 광진정보도서관 트렌디 인문학 <미래를 읽는 경제아카데미>,전연령,2022.05.16(월)~2022.09.05(월)
[온라인] '한강 문학 살롱' 김남희 작가와의 만남,전연령,2022.05.30(월)~2022.05.30(월)
[미디어창작공간] 5월: OBS를 활용한 책 소개 영상 제작,성인,2022.05.21(토)~2022.05.21(토)
[온라인] 광진정보도서관 작가와의 만남 <일생도서관: 5월 김범준 작가> ,전연령,2022.05.13(금)~2022.05.13(금)
[오프라인] 광진정보도서관 작가와의 만남 <일생도서관: 5월 김범준 작가> ,전연령,2022.05.13(금)~2022.05.13(금)
5월 문화가 있는 수요일 웹툰 창작 체험: 가족 일상툰 그리기,전연령,2022.05.25(수)~2022.05.25(수)
[온라인] 2022년 자양한강도서관 한가람인문학(1) <클래식은 처음이라>,전연령,2022.05.03(화)~2022.06.21(화)
[팹라이브러리] 매월(5월) 마지막 문화가 있는 수요일 <유니맷으로 나만의 우든샤프 만들기> [5/25],성인,2022.05.25(수)~2022.05.25(수)
[팹라이브러리] 장비사용안전교육(5/28),전연령,2022.05.28(토)~2022.05.28(토)
[팹라이브러리] 장비사용안전교육(5/14),전연령,2022.05.14(토)~2022.05.14(토)
광진정보도서관 실버이야기교실 14기 참여자 모집,성인,2022.05.11(수)~2022.11.09(수)
"[온라인_중곡]도서관 인문학 콘서트 김누리, 김찬호, 최샛별 특강 (통합 신청)",전연령,2022.04.28(목)~2022.05.27(금)
[팹라이브러리] 원데이클래스 : HANDMADE 나만의 '가죽키링+책갈피',전연령,2022.04.16(토)~2022.04.16(토)
[팹라이브러리] 4월 매월 마지막 문화가 있는 수요일 < 나만의 컬러 스티커 만들기 > [4/27],전연령,2022.04.27(수)~2022.04.27(수)
"[팹라이브러리]에서 놀자! DIY 공중부양모빌만들기 (퓨전360) [4/8, 4/15 2회차] ",전연령,2022.04.08(금)~2022.04.15(금)
[미디어창작공간] 4월: OBS를 활용한 영화 리뷰 영상 제작,성인,2022.04.24(일)~2022.04.24(일)
4월 문화가 있는 수요일 웹툰 창작 체험: 디저트의 세계,전연령,2022.04.27(수)~2022.04.27(수)
"[온라인_중곡] “돌아온, 온라인 쏙! 도서관 놀이터”  초등 1~4학년 어린이를 위한 그림책 작가와의 만남",어린이,2022.04.17(일)~2022.04.17(일)
[온라인_중곡] 도서 평론가 이권우의 책 읽기 특강 “삶을 바꾸는 독서 : 인공지능 시대의 책 읽기”,성인,2022.04.19(화)~2022.04.19(화)
2022 광진정보도서관 부모교육 <내가 모르는 내 아이 마음 알아보기>,전연령,2022.04.20(수)~2022.04.27(수)
2022 광진정보도서관 일상에서 만나는 인문학 《역사와 문화를 통해 배우는 동유럽》,전연령,2022.04.07(목)~2022.05.12(목)
[팹라이브러리] 나만의 제페토 월드 만들기<메타버스체험>,전연령,2022.04.17(일)~2022.07.03(일)
[팹라이브러리] 장비사용교육(4/23),전연령,2022.04.23(토)~2022.04.23(토)
[팹라이브러리] 장비사용교육(4/9),전연령,2022.04.09(토)~2022.04.09(토)
[메이커-교육] VR과 함께하는 메타버스,어린이,2022.04.17(일)~2022.07.03(일)
2022년 광진정보도서관 실버독서회 참여자 모집,성인,2022.04.08(금)~2022.08.19(금)
[메이커-교육] 3D 공작소: 3D 모델링 창의교육,어린이,2022.03.26(토)~2022.05.28(토)
"광진정보도서관 ""시니어 자서전""쓰기 참여자 모집 안내",성인,2022.04.08(금)~2022.12.22(목)
영화로 만나는 한국 현대사(초등 5~6)(2022년 광진정보도서관 교육문화프로그램 1차),어린이,2022.04.02(토)~2022.04.23(토)
[미디어창작공간] 3월: 크로마키와 OBS 기초활용,성인,2022.03.25(금)~2022.03.25(금)
2022 광진정보도서관 일상에서 만나는 인문학 「열녀전(列女傳)의 여인들」,성인,2022.03.21(월)~2022.05.09(월)
[팹라이브러리] 3월 매월 마지막 문화가 있는 수요일 < 3D펜 do it together! >,전연령,2022.03.30(수)~2022.03.30(수)
[메이커-교육] 웹툰창작 중급반 참가자 모집 (온라인),어린이,2022.04.03(일)~2022.06.19(일)
[메이커-교육] 웹툰창작 초급반 참가자 모집 (온라인),어린이,2022.04.03(일)~2022.06.19(일)
[메이커-교육] 그림책과 함께하는 유쾌한 코딩(온라인),어린이,2022.03.19(토)~2022.05.21(토)
[팹라이브러리]에서 놀자! 나만의 퍼즐 만들기(레이저커팅기)[3/25] ,전연령,2022.03.25(금)~2022.03.25(금)
[팹라이브러리]에서 놀자! 나만의 퍼즐 만들기(레이저커팅기)[3/11] ,전연령,2022.03.11(금)~2022.03.11(금)
[메이커-교육] 웹툰창작 성인반 참가자 모집 (온라인),성인,2022.03.17(목)~2022.05.26(목)
3월 문화가 있는 수요일 웹툰 창작 체험: 익숙한 소재로 엉뚱한 상상하기,전연령,2022.03.30(수)~2022.03.30(수)
[팹라이브러리] 장비사용교육(3/26),전연령,2022.03.26(토)~2022.03.26(토)
[팹라이브러리] 장비사용교육(3/12),전연령,2022.03.12(토)~2022.03.12(토)
[중곡] 2022년 1분기 초등 1~2학년 어린이를 위한 철학 독서 미술 활동 <감성톡톡>,어린이,2022.03.10(목)~2022.04.28(목)
와글와글 과학놀터 (2)(초등 3~4)(2022년 광진정보도서관 교육문화프로그램 1차),어린이,2022.03.12(토)~2022.04.30(토)
와글와글 과학놀터 (1)(초등 1~2)(2022년 광진정보도서관 교육문화프로그램 1차),어린이,2022.03.12(토)~2022.04.30(토)
"도서관, 일상을 기록하다(스마트폰 카메라로 일상 사진찍기)",성인,2022.03.03(목)~2022.04.21(목)
내가 그린(GREEN) 그림책 업사이클링(2022년 광진정보도서관 교육문화프로그램 1차) ,어린이,2022.03.10(목)~2022.03.31(목)
어린이 갈래별 글쓰기(다양한 갈래)(2022년 광진정보도서관 교육문화프로그램 1차),어린이,2022.03.04(금)~2022.04.22(금)
2022년 상반기 광진정보도서관 청소년독서회(중학교 2/3학년),청소년,2022.03.05(토)~2022.07.16(토)
2022년 상반기 광진정보도서관 청소년독서회(중학교 1학년),청소년,2022.03.12(토)~2022.07.23(토)
2022 광진정보도서관 도시농업학교,전연령,2022.03.12(토)~2022.11.26(토)
[메이커-작업] 성인창작(3D프린터운용기능사 실기공략반/Fusion360) 참가자 모집,성인,2022.02.27(일)~2022.05.01(일)
[팹라이브러리]에서 놀자! 3D프린터 + 리쏘페인 나만의 무드등 만들기 (2/25),전연령,2022.02.25(금)~2022.02.25(금)
[팹라이브러리]에서 놀자! 3D프린터 + 리쏘페인 나만의 무드등 만들기 (2/11),전연령,2022.02.11(금)~2022.02.11(금)
[팹라이브러리] 장비사용안전교육(2/26),전연령,2022.02.26(토)~2022.02.26(토)
[팹라이브러리] 장비사용안전교육(2/12),전연령,2022.02.12(토)~2022.02.12(토)
"2월 문화가 있는 수요일: 웹툰 창작 체험, 나만의 마우스 패드 만들기",전연령,2022.02.23(수)~2022.02.23(수)
(어린이를 위한) 반려식물 키우기 교실,어린이,2022.01.19(수)~2022.01.21(금)
(그림책과 함께하는) 반려식물 키우기 교실(성인),성인,2022.01.19(수)~2022.01.21(금)
[메이커-작업] 성인창작 <2022 그림책과 오토마타>,전연령,2022.01.09(일)~2022.03.20(일)
독서동아리 리더보수교육-동아리 리스타트,성인,2022.01.11(화)~2022.02.08(화)
"[팹라이브러리]에서 놀자! 3D프린터 + 매쉬믹서 (1/21, 1/28 2회차)",전연령,2022.01.21(금)~2022.01.28(금)
[팹라이브러리] 3D프린터 공방창업 1일특강,성인,2022.01.15(토)~2022.01.15(토)
[팹라이브러리] 1월 < 토퍼(Topper) > 체험  프로그램,전연령,2022.01.26(수)~2022.01.26(수)
[팹라이브러리] 장비사용교육(1/29),전연령,2022.01.29(토)~2022.01.29(토)
[팹라이브러리] 장비사용교육(1/22),전연령,2022.01.22(토)~2022.01.22(토)
문화가 있는 수요일: 웹툰 창작 체험 1월 ,전연령,2022.01.26(수)~2022.01.26(수)
[클래식 공연]  클래식 기타로 만나는 가족이야기,전연령,2021.12.30(목)~2021.12.30(목)
2022년 광진정보도서관 겨울방학 독서교실 운영안내,어린이,2022.01.11(화)~2022.01.14(금)
[메이커-교육] 창의융합형 VR 교육 프로그램 참가자 모집,어린이,2022.01.18(화)~2022.01.21(금)
[메이커-교육] (인공지능)다이아보드와 함께하는 피지컬 코딩,어린이,2022.01.08(토)~2022.03.05(토)
[메이커-교육] 3D 공작소: 3D 모델링 창의교육,어린이,2022.01.08(토)~2022.03.19(토)
[메이커-교육] 웹툰창작 중급반 참가자 모집,어린이,2022.01.09(일)~2022.03.20(일)
[메이커-교육] 웹툰창작 초급반 참가자 모집,어린이,2022.01.09(일)~2022.03.20(일)
(그림책과 함께하는) 반려식물 키우기-원데이클래스(12/27),성인,2021.12.27(월)~2021.12.27(월)
(그림책과 함께하는) 반려식물 키우기-원데이클래스(12/20),성인,2021.12.20(월)~2021.12.20(월)
(그림책과 함께하는) 반려식물 키우기-원데이클래스(12/13),성인,2021.12.13(월)~2021.12.13(월)
(그림책과 함께하는) 반려식물 키우기-원데이클래스(12/6),성인,2021.12.06(월)~2021.12.06(월)
도서관에서 메이커되기 - 웹툰활동으로 메이커 되기,성인,2021.12.08(수)~2021.12.08(수)
도서관에서 메이커 되기 - 공예활동(가죽공예)으로 메이커 되기 2,성인,2021.12.30(목)~2021.12.30(목)
도서관에서 메이커되기 - 공예활동(가죽공예)으로 메이커 되기 1,성인,2021.12.23(목)~2021.12.23(목)
도서관에서 메이커 되기 - 페이퍼커팅기로 메이커 되기,성인,2021.12.16(목)~2021.12.16(목)
[서울북스타트 부모교육4] 어린이는 자유놀이를 찾아가는 위대한 탐험가,전연령,2021.12.23(목)~2021.12.23(목)
도서관에서 메이커되기- 재봉틀로 메이커 되기 2,성인,2021.12.16(목)~2021.12.16(목)
도서관에서 메이커되기-재봉틀로 메이커 되기 1,성인,2021.12.09(목)~2021.12.09(목)
팹 라이브러리에서 놀자!(크리스마스 오너먼트 만들기 편),전연령,2021.12.17(금)~2021.12.17(금)
팹라이브러리 12월 <3D펜으로 새해카드 만들기 > 체험 프로그램,전연령,2021.12.29(수)~2021.12.29(수)
2021 광진정보도서관 「권오준 작가와의 만남」 ,어린이,2021.12.18(토)~2021.12.18(토)
문화가 있는 수요일: 웹툰 창작 체험 12월,전연령,2021.12.29(수)~2021.12.29(수)
팹 라이브러리 장비사용교육(12/18),전연령,2021.12.18(토)~2021.12.18(토)
팹 라이브러리 장비사용교육(12/4),전연령,2021.12.04(토)~2021.12.04(토)
[온라인] '한강 문학 살롱' <긴긴밤> 루리 작가와의 만남,전연령,2021.12.02(목)~2021.12.02(목)
예술로 보는 고대 이집트 신화(온라인 강의),전연령,2021.12.06(월)~2021.12.27(월)
"한가람 인문학: 우리, 둘러보기(환경문제)",전연령,2021.11.23(화)~2021.12.14(화)
"한가람 인문학: 우리, 둘러보기(페미니즘)",전연령,2021.12.01(수)~2021.12.15(수)
낭만살롱; 클래식이 알고 싶다(온라인 강의),전연령,2021.11.26(금)~2021.12.03(금)
[온라인] '한강 문학 살롱' 이석원 작가와의 만남,전연령,2021.11.24(수)~2021.11.24(수)
[메이커-교육] 성인 단편 영화 제작 프로그램 수강생 모집,성인,2021.12.09(목)~2021.12.12(일)
 [중곡 온라인] '2021년 공공도서관 문화가 있는 날' 11월  온라인 비대면 공연 관람 신청,전연령,2021.11.27(토)~2021.11.27(토)
[메이커-교육] 웹툰창작 소감툰 그리기,어린이,2021.12.05(일)~2021.12.19(일)
[메이커-교육] 웹툰창작 여행툰 그리기 ,어린이,2021.12.05(일)~2021.12.19(일)
[중곡 온라인] 인문학 프로그램  [가족의 두 얼굴: 사랑하지만 상처도 주고 받는 가족의 인문학 ],성인,2021.11.24(수)~2021.12.08(수)
세계화의 역사와 전망(온라인 강의),전연령,2021.11.29(월)~2021.11.29(월)
환경UP 창의력UP 그림책 업사이클링(2021 4분기 광진정보도서관 교육문화프로그램),어린이,2021.11.27(토)~2021.12.18(토)
[서울북스타트 부모교육3] 아이와 나를 연결하는 그림과 언어,전연령,2021.11.18(목)~2021.11.18(목)
[메이커-교육] 세종대학교x광진정보도서관 영상편집(파워디렉터) 교육,성인,2021.11.17(수)~2021.11.26(금)
"팹 라이브러리에서 놀자! DIY 공중부양모빌만들기 중급편(퓨전360) 11/19, 11/26",전연령,2021.11.19(금)~2021.11.26(금)
팹 라이브러리에서 놀자! DIY 공중부양모빌만들기 초급편(틴커캐드) 11/13,전연령,2021.11.13(토)~2021.11.13(토)
2021 한 도서관 한 책 읽기 - (집에서 즐기는) 우리 가족 독서 반상회 (키트 배부 및 가정 내 토론 활동),전연령,2021.11.01(월)~2021.12.19(일)
팹 라이브러리 장비사용교육(11/20),전연령,2021.11.20(토)~2021.11.20(토)
팹 라이브러리 장비사용교육(11/6),전연령,2021.11.06(토)~2021.11.06(토)
팹라이브러리 11월 < 우드버닝  Do It Together! > 체험 프로그램,전연령,2021.11.24(수)~2021.11.24(수)
문화가 있는 수요일: 웹툰 창작 체험 11월,전연령,2021.11.24(수)~2021.11.24(수)
와글와글 과학놀터(2021 4분기 광진정보도서관 교육문화프로그램),어린이,2021.11.06(토)~2021.12.18(토)
도서관 한국사 탐험대!(2021 4분기 광진정보도서관 교육문화프로그램),어린이,2021.11.06(토)~2021.12.18(토)
어린이 갈래별 글쓰기 생활: 독후감 편 2(2021 4분기 광진정보도서관 교육문화프로그램),어린이,2021.11.06(토)~2021.12.18(토)
당신의 밥상이 남긴 탄소발자국(ZOOM 온라인 강의),전연령,2021.11.01(월)~2021.11.01(월)
"괴물박사, 곽재식 작가와의 만남(광진정보도서관 작가와의 만남, 만남의 광장 4분기)",전연령,2021.11.03(수)~2021.11.03(수)
2021 한 도서관 한 책 읽기 '<페인트> 이희영 작가와의 만남' 모집안내,전연령,2021.10.26(화)~2021.10.26(화)
2021 한 도서관 한 책 읽기 [미디어로 텍스트 읽기] 모집 안내 ,전연령,2021.10.14(목)~2021.10.28(목)
[서울북스타트 부모교육2] 인공지능 시대를 맞이한 새로운 그림책 교육과 이해 ,성인,2021.10.21(목)~2021.10.21(목)
문화의 달 특강 <법의학자 유성호 교수: 법의학자의 관점에서 본 삶과 죽음> ,전연령,2021.10.20(수)~2021.10.20(수)
낭만살롱; 클래식이 알고 싶다(ZOOM 온라인 강의),전연령,2021.10.25(월)~2021.10.25(월)
미술 경험치를 쌓는 중입니다(ZOOM 온라인 강의),전연령,2021.10.18(월)~2021.10.18(월)
'한강 문학 살롱' 김원영 변호사와의 만남,전연령,2021.10.27(수)~2021.10.27(수)
 문화의 달 특강 <심리학자 허지원 교수: 우린 아직 코로나를 모른다>,전연령,2021.10.13(수)~2021.10.13(수)
문화가 있는 수요일: 웹툰 창작 체험 10월,전연령,2021.10.27(수)~2021.10.27(수)
팹 라이브러리에서 놀자!(페이퍼&레이저커팅기 편),전연령,2021.10.15(금)~2021.10.29(금)
팹라이브러리 10월 < 3D펜  Do It Together! > 매마수 체험 프로그램,전연령,2021.10.27(수)~2021.10.27(수)
2021 한 도서관 한 책 읽기 - 동화책으로 다양성 읽기 <세상의 많고 다른 가족> (ZOOM 온라인 강의),어린이,2021.10.16(토)~2021.10.16(토)
[2021년 4분기 초등 5~6학년 프로그램] 생각을 만드는 글쓰기[중곡],어린이,2021.10.21(목)~2021.12.09(목)
[메이커-작업] 성인창작 < 증강현실(ar) 동화책 만들기 >,전연령,2021.10.17(일)~2021.12.19(일)
팹 라이브러리 장비사용교육(10/30),전연령,2021.10.30(토)~2021.10.30(토)
팹 라이브러리 장비사용교육(10/16),전연령,2021.10.16(토)~2021.10.16(토)
[메이커-교육 / 신나지 토요스쿨] 3D공작소:  3D 모델링 창의교육,어린이,2021.10.02(토)~2021.12.11(토)
[부모교육 아카데미 1 - 도서관에서 박물관 읽기] 참여자 모집,성인,2021.10.07(목)~2021.10.28(목)
"[반려식물 키우기 프로그램-식물, 당신의 친구가 되다] 신청자 모집안내",성인,2021.09.29(수)~2021.10.22(금)
'만복이네 떡집' 김리리 작가와의 만남(2021 광진정보도서관 독서의 달 행사) ,어린이,2021.09.26(일)~2021.09.26(일)
'한강 문학 살롱' 신형철 평론가와의 만남(ZOOM 온라인),전연령,2021.09.24(금)~2021.09.24(금)
2021 한 도서관 한 책 읽기 - 가족은 나의 힘: <우리는 보통 가족입니다> 김응 작가와의 만남 (ZOOM 온라인 강의),어린이,2021.09.25(토)~2021.09.25(토)
"[자양]자양도서관 독서의 달 그림책 특강 <그림책, 영화> ",성인,2021.09.27(월)~2021.09.27(월)
" <팹 라이브러리에서 놀자!_3D프린터 & 진공성형기 편(9/10, 9/17, 9/24)>",전연령,2021.09.10(금)~2021.09.24(금)
팹라이브러리 9월 <3D펜 Do It Together!> 체험 프로그램,전연령,2021.09.29(수)~2021.09.29(수)
[메이커-작업] [추가모집 마감] 성인창작(3D모델링으로 피규어 만들기/Fusion360) 팹라이브러리 프로그램 참가자 모집,전연령,2021.08.22(일)~2021.10.24(일)
자양한강도서관 독서의 달 특강 <마음과 생각을 키우는 놀이독서법> ,전연령,2021.09.10(금)~2021.09.17(금)
"독서의 달 특강: 고미숙 <글쓰기, 그 통쾌함에 대하여>(ZOOM 온라인)",전연령,2021.09.08(수)~2021.09.08(수)
팹 라이브러리 장비사용교육(9/25),전연령,2021.09.25(토)~2021.09.25(토)
팹 라이브러리 장비사용교육(9/11),전연령,2021.09.11(토)~2021.09.11(토)
문화가 있는 수요일: 웹툰 창작 체험 9월,전연령,2021.09.29(수)~2021.09.29(수)
[중곡]9월 독서의 달 특별 프로그램 한복희 작가님와의 만남 [가정에서 하는 내 아이의 독서 교육],성인,2021.09.29(수)~2021.09.29(수)
[중곡 온라인]  김경희 그림책 작가와 함께하는 [온라인 쏙! 도서관 놀이터],어린이,2021.09.15(수)~2021.09.15(수)
[중곡]교양인을 위한 인문학 콘서트 [밥상 위의 인문학],성인,2021.09.07(화)~2021.09.28(화)
[메이커-교육] 그림책과 함께하는 유쾌한 코딩(온라인),어린이,2021.09.25(토)~2021.12.04(토)
동화 속 이야기 주머니(2021년 3분기 자양제4동도서관 교육문화프로그램),어린이,2021.08.23(월)~2021.09.13(월)
[메이커-교육] 웹툰창작 중급반 참가자 모집,어린이,2021.09.12(일)~2021.11.28(일)
2021년 하반기 광진정보도서관 청소년독서회(중학교 2~3학년),청소년,2021.09.05(일)~2021.12.19(일)
2021년 하반기 광진정보도서관 청소년독서회(중학교 1학년),청소년,2021.09.11(토)~2021.12.18(토)
환경UP 창의력UP 그림책 업사이클링 (2021 3분기 광진정보도서관 교육문화프로그램),어린이,2021.09.04(토)~2021.09.25(토)
[메이커-교육] 웹툰창작 성인반 참가자 모집 (온라인),성인,2021.09.02(목)~2021.11.04(목)
'한강 문학 살롱' 이다혜 작가와의 만남(ZOOM 온라인),전연령,2021.08.24(화)~2021.08.24(화)
한가람 인문학: 도서관에서 철학하기 심화과정(김효영 연구원/ZOOM 온라인),전연령,2021.09.09(목)~2021.09.30(목)
한가람 인문학: 도서관에서 철학하기 기초과정(이진경 작가/ZOOM 온라인),전연령,2021.08.12(목)~2021.08.26(목)
[메이커-작업] 성인창작(3D모델링으로 피규어 만들기/Fusion360) 팹라이브러리 프로그램 참가자 모집,성인,2021.08.22(일)~2021.10.24(일)
팹 라이브러리 장비사용교육(8/28),전연령,2021.08.28(토)~2021.08.28(토)
팹 라이브러리 장비사용교육(8/14),전연령,2021.08.14(토)~2021.08.14(토)
"<팹 라이브러리에서 놀자!_리쏘페인 3D프린터편(8/13, 8/20, 8/27)>",전연령,2021.08.13(금)~2021.08.27(금)
[메이커-교육] 온라인 웹툰창작 초급반 참가자 모집,어린이,2021.08.22(일)~2021.11.07(일)
"'고양이 해결사 깜냥' 홍민정 저자와의 만남(어린이, 만남의 광장)",어린이,2021.08.17(화)~2021.08.17(화)
처음 만나는 한국사 북아트 (2021 3분기 광진정보도서관 교육문화프로그램) ,어린이,2021.08.07(토)~2021.09.25(토)
와글와글 과학놀터 (2021 3분기 광진정보도서관 교육문화프로그램) ,어린이,2021.08.07(토)~2021.09.25(토)
이금이 소설가와의 만남(자양한강도서관 한강 문학 살롱) ZOOM 온라인 강의,전연령,2021.07.28(수)~2021.07.28(수)
조선시대 지식인의 북경로드; 연행(燕行) - ZOOM 온라인 강의,성인,2021.08.02(월)~2021.09.13(월)
"'마녀엄마','마녀체력' 이영미 작가와의 만남(광진정보도서관 저자와의 만남: 만남의 광장)",전연령,2021.08.11(수)~2021.08.11(수)
광진정보도서관 여름방학 독서교실,어린이,2021.08.11(수)~2021.08.13(금)
어린이 갈래별 글쓰기 생활: 독후감 편 (2021 3분기 광진정보도서관 교육문화프로그램),어린이,2021.07.29(목)~2021.08.19(목)
장바구니 인문학(ZOOM 온라인 강의),전연령,2021.08.02(월)~2021.08.30(월)
"[중곡][7~8월 인문학 특강] 반려 동물의 모든 것, 반려 동물의 인문학",성인,2021.07.28(수)~2021.07.28(수)
"팹 라이브러리에서 놀자!_매쉬믹서 3D프린터편(7/9, 7/16, 7/23 3회)",전연령,2021.07.09(금)~2021.07.23(금)
[2021년 3분기 초등 5~6학년 프로그램] 생각을 만드는 글쓰기[중곡],어린이,2021.07.22(목)~2021.09.09(목)
[중곡 2021년 3분기 초등 1~2학년 어린이를 위한 창의 철학 독서 미술 활동] 응답하라 청개구리,어린이,2021.07.23(금)~2021.09.10(금)
"[2021년 3분기 6~7세 유아 1인 및 보호자 1인] 아이와 함께, 이야기 놀이터",어린이,2021.07.21(수)~2021.09.08(수)
팹라이브러리 7월 <바다캔들 만들기  Do It Together! > 체험,전연령,2021.07.28(수)~2021.07.28(수)
팹 라이브러리 장비사용교육(7/24),전연령,2021.07.24(토)~2021.07.24(토)
팹 라이브러리 장비사용교육(7/10),전연령,2021.07.10(토)~2021.07.10(토)
[메이커-교육] 여름방학 웹툰 특강: 랜선여행툰 그리기(초등 1-3학년),어린이,2021.07.29(목)~2021.07.30(금)
문화가 있는 수요일: 7월 웹툰 창작 체험 '익숙한 소재로 엉뚱한 상상하기',전연령,2021.07.28(수)~2021.07.28(수)
2021 길 위의 인문학 <물길 따라 걷는 한강인문학> 참여자 모집,성인,2021.07.27(화)~2021.10.26(화)
슬기로운 취준생활 3 _ 경력단절 여성 내일 이음 프로그램,성인,2021.07.06(화)~2021.07.06(화)
[메이커-교육] 웹툰창작 중급반 참가자 모집,어린이,2021.06.27(일)~2021.09.05(일)
'한강 문학 살롱' 황인찬 시인과의 만남(ZOOM 온라인),전연령,2021.06.30(수)~2021.06.30(수)
[메이커-교육/신나G 토요스쿨] 3D 공작소: 3D 모델링 창의교육,어린이,2021.07.17(토)~2021.09.25(토)
[메이커-교육] 우리 가족만의 드론 만들기,전연령,2021.08.08(일)~2021.08.29(일)
다문화가정 여성을 위한 <다문화 동화 강사단 양성반> ,성인,2021.07.02(금)~2021.12.10(금)
미지의 세계를 찾아가는 고고학(ZOOM 온라인 강의),전연령,2021.07.05(월)~2021.07.26(월)
[메이커-체험] 팹라이브러리 '3D펜으로 쉽게 만드는 나만의 그립톡',전연령,2021.06.10(목)~2021.06.28(월)
[메이커-교육] 그림책과 함께하는 유쾌한 코딩(온라인),어린이,2021.07.03(토)~2021.09.04(토)
[메이커-작업] 성인창작 <오토마타와 아두이노>,성인,2021.06.27(일)~2021.09.05(일)
"팹 라이브러리에서 놀자!_매쉬믹서 3D프린터편(6/13,6/20 2회차)",전연령,2021.06.13(일)~2021.06.20(일)
"팹 라이브러리에서 놀자!_매쉬믹서 3D프린터편(6/11,6/18 2회차)",전연령,2021.06.11(금)~2021.06.18(금)
[메이커-작업]내 손으로 직접 만드는 '나만의 가죽 키링&책갈피' ,전연령,2021.06.23(수)~2021.06.23(수)
팹라이브러리 6월 < 우드버닝  Do It Together! > 체험 프로그램,전연령,2021.06.30(수)~2021.06.30(수)
문화가 있는 수요일: 6월 웹툰 창작 체험,전연령,2021.06.30(수)~2021.06.30(수)
팹 라이브러리 장비사용교육(6/19),전연령,2021.06.19(토)~2021.06.19(토)
팹 라이브러리 장비사용교육(6/12),전연령,2021.06.12(토)~2021.06.12(토)
"2021년 중곡문화체육센터도서관 독서 아카데미 [예술의 모든 것, 미학으로 사유하기]",성인,2021.06.17(목)~2021.09.23(목)
"[메이커-교육] 그림책으로 알아보는 우리 아이의 MAP, 성인 북아트 (온라인 수업)",성인,2021.06.15(화)~2021.07.01(목)
[메이커-교육] 웹툰창작 청소년 특강,청소년,2021.06.19(토)~2021.08.21(토)
여행과 지리: 세계여행 준비하기(Zoom 온라인 강의),전연령,2021.06.17(목)~2021.07.15(목)
[메이커-교육] 웹툰창작 성인반 참가자 모집 (비대면 온라인 수업),성인,2021.06.17(목)~2021.08.19(목)
<서울 북스타트 부모교육 1> 뇌발달과 부모의 역할,성인,2021.06.09(수)~2021.06.09(수)
<슬기로운 취준생활 2> - 퍼스널 컬러 이미지 블렌딩,성인,2021.05.27(목)~2021.05.27(목)
2021 도서관 지혜학교 ,성인,2021.06.02(수)~2021.08.18(수)
심리학으로 보는 조선왕조실록(Zoom 온라인 강의),전연령,2021.06.07(월)~2021.06.28(월)
(추가모집)처음 만나는 한국사 북아트 [2021 광진정보도서관 교육문화프로그램],어린이,2021.05.15(토)~2021.06.26(토)
(추가모집)환경 UP 창의력 UP 어린이'업사이클링' [2021 광진정보도서관 교육문화프로그램],어린이,2021.05.15(토)~2021.05.29(토)
[중곡 1~2학년 어린이를 위한 창의 철학 독서 미술 활동] 응답하라 청개구리,어린이,2021.05.13(목)~2021.06.10(목)
"[6~7세 유아 및 보호자 대상] 아이와 함께, 이야기 놀이터 (ZOOM온라인 참여 프로그램)",어린이,2021.05.12(수)~2021.06.16(수)
(추가모집)환경 UP 창의력 UP 어린이'업사이클링' [2021 광진정보도서관 교육문화프로그램],어린이,2021.05.08(토)~2021.05.29(토)
2021 독서동아리 리더 보수교육-에세이 쓰기,성인,2021.05.07(금)~2021.07.09(금)
(추가모집)처음 만나는 한국사 북아트 [2021 광진정보도서관 교육문화프로그램],어린이,2021.05.08(토)~2021.06.26(토)
2021 광진정보도서관 부모교육 '한 명의 아동청소년을 이해하고 사랑하기 위해 알아야 할 것',성인,2021.05.24(월)~2021.05.31(월)
[중곡][그림책 작가와의 만남]가족의 탄생_ '유기견 영남이'의 유진 작가와 함께하는 드로잉 놀이,어린이,2021.05.22(토)~2021.05.22(토)
5월 가정의 달 심리학 특강 '나는 어떻게 만들어지는가',성인,2021.05.25(화)~2021.05.25(화)
"김성회 저자와의 만남: 센 세대 VS 낀 세대 VS 신세대, 공존의 기술 (ZOOM 온라인 강의)",전연령,2021.05.18(화)~2021.05.18(화)
[메이커-교육] 웹툰창작 초급반 참가자 모집,어린이,2021.05.23(일)~2021.08.01(일)
가정의 달 특강 이임숙의 <아이의 마음을 여는 부모의 말>,성인,2021.05.07(금)~2021.05.07(금)
문화가 있는 수요일: 5월 웹툰 창작 체험,전연령,2021.05.26(수)~2021.05.26(수)
팹 라이브러리 장비사용교육(5/29),전연령,2021.05.29(토)~2021.05.29(토)
팹 라이브러리 장비사용교육(5/15),전연령,2021.05.15(토)~2021.05.15(토)
팹라이브러리 5월 < 전사 컵 만들기 Do It Together! > 매마수 프로그램,전연령,2021.05.26(수)~2021.05.26(수)
< 팹라 원데이_어버이날 카네이션 석고방향제 Do It Together! > 2회차,전연령,2021.05.06(목)~2021.05.06(목)
< 팹라 원데이_어버이날 카네이션 석고방향제 Do It Together! > 1회차,전연령,2021.05.06(목)~2021.05.06(목)
<팹 라이브러리에서 놀자!_레이저커팅기 편(모빌 만들기)>,전연령,2021.05.21(금)~2021.05.28(금)
'한강 문학 살롱' <어린이라는 세계> 김소영 작가와의 만남(ZOOM 온라인),전연령,2021.05.28(금)~2021.04.28(수)
환경 UP 창의력 UP 어린이'업사이클링' [2021 광진정보도서관 교육문화프로그램],어린이,2021.05.08(토)~2021.05.29(토)
와글와글 과학놀터 [2021 광진정보도서관 교육문화프로그램],어린이,2021.05.08(토)~2021.06.26(토)
처음 만나는 한국사 북아트 [2021 광진정보도서관 교육문화프로그램],어린이,2021.05.08(토)~2021.06.26(토)
피아니스트 임하나의 클래식테라피(ZOOM 온라인 강의),전연령,2021.05.14(금)~2021.05.14(금)
2021년 상반기 광진정보도서관 청소년독서회(중학교 2~3학년),청소년,2021.04.18(일)~2021.07.18(일)
2021년 '한강 문학 살롱' 나태주 시인과의 만남(ZOOM 온라인),전연령,2021.04.21(수)~2021.04.21(수)
2021년 상반기 광진정보도서관 청소년 독서회(중학교 1학년),청소년,2021.04.10(토)~2021.07.24(토)
[메이커-교육] 웹툰창작 중급반 참가자 모집,어린이,2021.04.11(일)~2021.06.20(일)
책 먹는 여우!(2021년 중곡문화체육센터도서관 제57회 도서관주간 기념 작은 공연),어린이,2021.04.24(토)~2021.04.24(토)
[중곡]그림 책 한 권의 힘 (2021년 57회 도서관주간 특별 강의),성인,2021.04.21(수)~2021.04.21(수)
"<근현대문학 특강: 백석, 이상, 윤동주, 이효석을 읽다> 자양한강도서관 한가람인문학 1(ZOOM 온라인)",전연령,2021.04.22(목)~2021.04.22(목)
"<동아시아 근대문학 특강: 이광수, 루쉰, 나쓰메 소세키> 자양한강도서관 한가람인문학 2(ZOOM 온라인)",전연령,2021.05.27(목)~2021.06.10(목)
글쓰기 쉬워지는 강원국의 글쓰기 특강(자양한강도서관 도서관주간 프로그램/ZOOM 온라인) ,전연령,2021.04.13(화)~2021.04.13(화)
문화가 있는 수요일: 4월 웹툰 창작 체험,전연령,2021.04.28(수)~2021.04.28(수)
팹 라이브러리에서 놀자!_리쏘페인 3D프린터편(4/30),전연령,2021.04.30(금)~2021.04.30(금)
팹 라이브러리에서 놀자!_리쏘페인 3D프린터편(4/16),전연령,2021.04.16(금)~2021.04.16(금)
팹 라이브러리 장비사용교육(4/17),전연령,2021.04.17(토)~2021.04.17(토)
팹 라이브러리 장비사용교육(4/10),전연령,2021.04.10(토)~2021.04.10(토)
팹라이브러리 4월 <3D펜 체험> 매마수 프로그램,전연령,2021.04.28(수)~2021.04.28(수)
실버이야기교실 13기,성인,2021.05.12(수)~2021.11.10(수)
[서울형 독서문화 프로그램] 2021년 실버독서회(책으로 On) ,성인,2021.05.07(금)~2021.12.31(금)
[메이커-교육/신나G 토요스쿨] 3D 공작소: 3D 모델링 창의교육,어린이,2021.04.17(토)~2021.06.26(토)
"강문종 저자와의 만남: 2021 광진정보도서관 저자와의 만남, 만남의 광장 (ZOOM 온라인 강의)",전연령,2021.04.05(월)~2021.04.05(월)
자양한강도서관 '한강 문학 살롱' 손보미 작가와의 만남(ZOOM 온라인),전연령,2021.03.31(수)~2021.03.31(수)
자서전 쓰기 '가장 소중한 내 인생' 참가자 모집,전연령,2021.04.09(금)~2021.12.31(금)
[중곡]청소년과 함께하는 꿈을 찾는 <진로수업>,청소년,2021.03.06(토)~2021.03.27(토)
[메이커-교육] 웹툰창작 성인반 참가자 모집,성인,2021.04.01(목)~2021.06.03(목)
문화가 있는 수요일: 3월 웹툰 창작 체험,전연령,2021.03.31(수)~2021.03.31(수)
"팹라이브러리 3월 < 손거울, 뱃지, 컵  Do It Together! > 매마수 프로그램",전연령,2021.03.31(수)~2021.03.31(수)
팹 라이브러리에서 놀자!(페이퍼커팅기 편),전연령,2021.03.26(금)~2021.03.26(금)
팹 라이브러리 장비사용교육(3/27),전연령,2021.03.27(토)~2021.03.27(토)
팹 라이브러리 장비사용교육(3/6),전연령,2021.03.06(토)~2021.03.06(토)
[중곡]<커피의 세계사 :  오감으로 즐기는 커피 인문학> 프로그램 ,성인,2021.03.09(화)~2021.04.06(화)
[추가모집 5명] 2021년 중곡문화체육센터도서관 연극놀이 프로젝트 <내가 만드는 이야기>,어린이,2021.02.24(수)~2021.03.24(수)
2021 광진정보도서관 도시농업학교 참여자 모집,전연령,2021.03.06(토)~2021.11.27(토)
팹 라이브러리에서 놀자!(3D프린터 편),전연령,2021.02.19(금)~2021.02.26(금)
문화가 있는 수요일: 웹툰 창작 체험,전연령,2021.02.24(수)~2021.02.24(수)
팹 라이브러리 장비사용교육(2/27),전연령,2021.02.27(토)~2021.02.27(토)
팹 라이브러리 장비사용교육(2/6),전연령,2021.02.06(토)~2021.02.06(토)
팹라이브러리 2월 < 전사 컵 만들기 Do It Together! > 매마수 프로그램,전연령,2021.02.24(수)~2021.02.24(수)
"자양한강도서관 '마음, 들여다보기' 정신의학 특강(윤홍균/전홍진/하주원 전문의, ZOOM 온라인)",전연령,2021.02.04(목)~2021.02.17(수)
[메이커-교육] 3D 공작소: 3D 모델링 창의교육,어린이,2021.01.30(토)~2021.04.10(토)
사건과 인물로 읽는 <사기> (ZOOM 온라인 강의),전연령,2021.02.01(월)~2021.03.29(월)
자양한강도서관 어린이 프로그램 「집으로 ON 그림책극장」,어린이,2021.01.23(토)~2021.02.04(목)
[메이커-작업] 성인창작(3D프린터 모델링/팅커캐드) 팹라이브러리 프로그램 참가자 모집,성인,2021.01.17(일)~2021.03.28(일)
"자양한강도서관 2021년 인문학프로그램 '트렌드코리아 2021, 새로운 시대를 읽다' 최지혜 강연(ZOOM 온라인)",전연령,2021.01.08(금)~2021.01.19(화)
[메이커-교육] 웹툰창작 성인반 참가자 모집,성인,2021.01.07(목)~2021.03.18(목)
"방구석 랜선 여행 2 - 여행, 그림이 되다(ZOOM 온라인 강의)",전연령,2021.01.04(월)~2021.01.25(월)
2021년 광진정보도서관 겨울 독서교실 <기후는 변하는데 놀면 뭐하니?>,어린이,2021.01.12(화)~2021.01.14(목)
