title,url
"진도경찰, 노인대학 교통안전교육 실시",https://www.cnbnews.com/news/article.html?no=564463
"양산 소주동, 노인일자리 안전 교육 & 성희롱 예방교육",http://www.newsfreezone.co.kr/news/articleView.html?idxno=408860
노인 중 절반 100만원도 못버는데…'더 늙은' 노인 갈 곳 줄어드나,https://view.asiae.co.kr/article/2022091515242016848
"대구교육청, 만학도 시화집 '세상에서 가장 아름다운 시' 발간",http://www.newsis.com/view/?id=NISX20220915_0002013631&cID=10810&pID=10800
[돌싱의 경제학]④ 화려한 돌싱 이면의 그림자… 노인 빈곤·건강 문제 우려,https://biz.chosun.com/topics/topics_social/2022/09/16/Q6M3W6L24ND6LIHR5XGKERSBQY/?utm_source=naver&utm_medium=original&utm_campaign=biz
태백시 노인복지기금 지원 사업 공모,https://www.news1.kr/articles/4801892
"부산중부소방서, 서구 장애인주간보호센터 응급처치 교육",http://www.lawissue.co.kr/view.php?ud=202209171220356929a8c8bf58f_12
"마포서, 고령층 대상 '보이스피싱' 예방 교육 실시",http://www.fnnews.com/news/202209151930485717
"대한노인회 충남연합회, 2022년 노인자원봉사사업 수행기관 실무자 교육",http://www.100ssd.co.kr/news/articleView.html?idxno=90861
"인천시, 4년 연속 노인일자리 최우수상…전국 최초",https://www.sedaily.com/NewsView/26B2JXRZD7
"진주시, '2022년 찾아가는 장애인식개선교육' 실시",http://www.joongdo.co.kr/web/view.php?key=20220916010004169
춘천시노인회 2년여만 노인일자리 집합 교육,http://www.kwnews.co.kr/page/view/2022091516160536340
"경주시, 지역 경로당에 '다문화 이해교육'실시",https://www.gukjenews.com/news/articleView.html?idxno=2551516
"진도경찰서, '노인대학 교통안전교육' 실시",https://www.sisamagazine.co.kr/news/articleView.html?idxno=464505
"[알고보니] '세금 축내는 노인 알바'?‥""우리 쌀값인데요""",https://imnews.imbc.com/news/2022/society/article/6406520_35673.html
"청주시 사회복지급식관리지원센터, 어르신 비대면 위생교육",https://www.news1.kr/articles/4800670
"대전 동구 판암2동, 노인사회활동 참여자 안전교육",http://www.dtnews24.com/news/articleView.html?idxno=731785
"진주시, '2022년 찾아가는 장애인식개선교육' 실시",http://www.shinailbo.co.kr/news/articleView.html?idxno=1598797
9월 노인교육자격증 8종 무료 수강 이벤트 개최,https://www.jejutwn.com/news/article.html?no=145783
거창 웅양면， 노인일자리 참여자 우울 예방 교육,http://www.gnmaeil.com/news/articleView.html?idxno=503908
"영광군, 찾아가는 노년기 눈건강 예방교육 진행",http://www.skyedaily.com/news/news_view.html?ID=167476
"옛 탐라대 부지 활용, '교육기관 유치' 이외 목적도 가능",http://www.jejusori.net/news/articleView.html?idxno=407678
"전주시, 생애주기별 식생활교육 실시",https://www.wikitree.co.kr/articles/789349
'전국 첫 자치 연금' 익산 성당포구마을에 연수소…교육 거점화,https://www.yna.co.kr/view/AKR20220913065100055?input=1195m
초고령사회 여성농 치매전문가 양성교육 인기,http://www.agrinet.co.kr/news/articleView.html?idxno=312313
[정동칼럼] 노인 1000만명 시대,https://www.khan.co.kr/opinion/column/article/202209150300105
"대한은퇴자협회, '노인 일자리' 정책 정부에 전환 촉구",http://www.breaknews.com/924411
"제천시노인종합복지관, 2회 검정고시 중·고졸 합격자 배출",http://www.dynews.co.kr/news/articleView.html?idxno=673314
"이천시, 중대재해처벌법 안전교육 실시",http://www.m-i.kr/news/articleView.html?idxno=950491
"영광군, '찾아가는 노인 저시력 예방교육' 진행",https://www.sisamagazine.co.kr/news/articleView.html?idxno=464278
[클릭!자치뉴스] 서울 강남구 '강남미래교육센터' 개관 外,https://hankookilbo.com/News/Read/A2022091411310000294?did=NA
"계룡소방, 소방안전교육 실시",http://www.chungnamilbo.co.kr/news/articleView.html?idxno=679062
"충북보건과학대 평생교육원, 장애인 근로자 직무향상 교육",https://www.news1.kr/articles/4802234
"산청교육청 ""전화신청 민원서류 배달해드립니다""",http://www.newsis.com/view/?id=NISX20220914_0002011935&cID=10812&pID=10800
고령층 절반은 100만원도 못 벌어…노인들이 위험하다,https://www.sedaily.com/NewsView/26B2LMRO8I
교방동 노인일자리사업 참여자 안전교육 실시,http://www.gnnews.co.kr/news/articleView.html?idxno=509918
"대구 남구, 노인대학 개강식 개최",https://www.dnews.co.kr/uhtml/view.jsp?idxno=202209151212161940987
"산청교육지원청, 취약계층 민원서류 배달제 운영",http://www.knnews.co.kr/news/articleView.php?idxno=1385785
"전북사회서비스원, 노인세대 위한 ‘인문학 아카데미’ 열어",http://sjbnews.com/news/news.php?number=756813
"[교육 돌아보기] 생존의 길, 문화 다양성",https://www.khan.co.kr/opinion/column/article/202209150300045
"안동시노인종합복지관, 실버 교양프로그램 수강생 모집",http://www.nspna.com/news/?mode=view&newsid=593022
[김제소식] 신중년 경력형 일자리 지원사업 참여자 역량강화교육 실시 外,https://www.ajunews.com/view/20220916115011334
어르신돌봄종사자 종합지원센터-재가노인복지협회 업무협약,https://www.gukjenews.com/news/articleView.html?idxno=2550736
"인천사서원, 예비노인 세대…'오피스 가드너'로 인생2막",http://www.incheonilbo.com/news/articleView.html?idxno=1160961
"춘천남부노인복지관, 평생학습 지원사업 '건빵레시피' 개강",http://www.shinailbo.co.kr/news/articleView.html?idxno=1599411
"홍성군보건소, 노인비만프로그램 운영",https://www.ccdailynews.com/news/articleView.html?idxno=2154440
"울산 중구보건소, 노인대학서 건강교육",http://www.ujeil.com/news/articleView.html?idxno=312306
[기고] 고령화에 따른 노인 안전성 문제 심각하다,http://www.chungnamilbo.co.kr/news/articleView.html?idxno=679199
"하남시, 내달 제2노인복지관 착공… 관내 경로당 운영비도 대폭 증액",http://www.kyeongin.com/main/view.php?key=20220915010002153
"대한노인회 전북 완주군지회, 노인일자리 지원사업 참여자 교육 실시",http://www.100ssd.co.kr/news/articleView.html?idxno=90566
"일산서부署, 찾아가는 노인학대 등 범죄예방교육 실시",https://www.siminilbo.co.kr/news/newsview.php?ncode=1160279366874365
"JDC, 제주포럼서 4·3과 여성 '노인도서관' 운영",http://www.jejusori.net/news/articleView.html?idxno=407621
고령화에 커지는 노인부양… KDI “노인연령 올리자”,https://biz.chosun.com/policy/policy_sub/2022/09/06/HFX5ET473BBTRLG63TETEUWX4U/?utm_source=naver&utm_medium=original&utm_campaign=biz
"홍천군노인복지관, 원거리지역 어르신 복지 접근성 향상 프로그램",http://www.shinailbo.co.kr/news/articleView.html?idxno=1599399
"진해 덕산동, 노인사회활동 참여자 안전교육 실시",http://www.shinailbo.co.kr/news/articleView.html?idxno=1598584
"인천시, ‘노인 일자리 종합평가’서 4년 연속 최우수",https://www.donga.com/news/article/all/20220914/115454754/1
"태풍 피해 순찰하던 해양경찰관들, 쓰러진 노인 살렸다",http://www.newsis.com/view/?id=NISX20220914_0002011983&cID=10809&pID=10800
"태백시, 노인복지기금 지원사업 본격 추진",http://www.breaknews.com/923772
"대한노인회 대전 유성구지회, 신기영 지회장 석전대제 초헌관 수행",http://www.100ssd.co.kr/news/articleView.html?idxno=90695
내년 저소득층·노인 등 사회적 약자에 예산 74조 지원...“복지 사각지대 해...,https://biz.chosun.com/policy/policy_sub/2022/09/08/2WDSGZ2JKFEZJJKEN4GLLNRSXI/?utm_source=naver&utm_medium=original&utm_campaign=biz
"‘깜깜이 연구용역’ 경남도 42% 미공개, 도교육청은 92% 수의계약 [의회소식...",http://www.kukinews.com/newsView/kuk202209130214
"전북은행, 금융 분야 전문 노인 일자리 창출",https://www.pressian.com/pages/articles/2022091414184519165?utm_source=naver&utm_medium=search
“노인 연령 올리자” KDI 제안… 정년연장 논의 불가피,https://news.kmib.co.kr/article/view.asp?arcid=0924262810&code=11151100&cp=nv
"""노인에서 청소년까지 확대"" 전주시, 고독사예방사업 추진",http://www.newsis.com/view/?id=NISX20220913_0002010853&cID=10899&pID=10800
코이카 글로벌인재교육원 영월서 후원활동 지속 전개,https://www.news1.kr/articles/4801103
"울산시, 북구 송정동에 제2시립노인복지관 건립",http://www.newsis.com/view/?id=NISX20220904_0002001926&cID=10814&pID=10800
"대한노인회 강원 속초시지회, 1·3세대가 함께하는 예절프로그램으로 즐거운 ...",http://www.100ssd.co.kr/news/articleView.html?idxno=90970
"남원소방서, 어린이 소방안전교육 실시",https://www.jjan.kr/article/20220915580164
"경남도의회 교육위원회, 노인요양시설 위문",http://www.gnnews.co.kr/news/articleView.html?idxno=509657
"산청교육청, 취약계층 민원서류 배달제 운영",http://www.gnnews.co.kr/news/articleView.html?idxno=509986
"동해시노인종합복지관, 2022년 노인사회활동지원사업 활동교육 실시",http://www.withinnews.co.kr/news/view.html?section=1&category=155&item=&no=28702
"산청교육지원청, 산엔청복지관에 사랑의 쌀 전달",http://www.enewstoday.co.kr/news/articleView.html?idxno=1598788
"한국교통안전공단, 고령자 맞춤 교통안전교육",https://www.inews365.com/news/article.html?no=731015
"진천 광혜원면 기업체협의회, 지역 노인회 간식비 전달",http://www.breaknews.com/923607
이천시. '중대재해처벌법 안전교육’ 실시,http://www.breaknews.com/924444
[14일 화성시 소식] '어린이 논 산책' 유아 인성교육 프로그램 재인증 등,https://www.asiatime.co.kr/article/20220914500205
책을 통해 교육을 실천하는 도서관학교,https://www.eroun.net/news/articleView.html?idxno=29603
"인천시, 전국 최초 4년 연속 '노인일자리 종합평가' 최우수상",https://www.cstimes.com/news/articleView.html?idxno=512213
"세종시교육청, 추석 맞아 사회복지시설 위문",https://www.news1.kr/articles/4793624
"대한노인회 충북 단양군지회, 9988행복지키미 활동·소양교육 실시",http://www.100ssd.co.kr/news/articleView.html?idxno=90515
"대한노인회 경기 이천시지회, 노인학대예방교육 실시",http://www.100ssd.co.kr/news/articleView.html?idxno=90790
"초고령화 1호 대도시, '노인과 부산'의 미래",http://weekly.chosun.com/news/articleView.html?idxno=21841
"영진전문대 평생교육원, 방문재활간호 아카데미 2기 개설",https://news.bbsi.co.kr/news/articleView.html?idxno=3081307
"제주서부소방서 영어교육도시119센터, 주택용 소방시설 지원신청제 집중홍보 ...",http://www.headlinejeju.co.kr/news/articleView.html?idxno=496281
"농식품유통교육원, 추석 맞이 지역상생 사회공헌 펼쳐",http://daily.hankooki.com/news/articleView.html?idxno=868991
"청주시사회복지급식관리지원센터, 입소 어르신 비대면 위생교육 진행",http://www.breaknews.com/923595
"대한노인회 전북 남원시지회, 노인지도자 교육 중 경로당회장 간담회 가져",http://www.100ssd.co.kr/news/articleView.html?idxno=90808
"포천우체국, 포천시노인복지관 노인 대상 추석명절나눔 및 보이스피싱 예방교...",https://www.nbntv.co.kr/news/articleView.html?idxno=992439
"인천시, 시민·행정 연결 중간지원조직...시민교육 이끈다",http://www.enewstoday.co.kr/news/articleView.html?idxno=1598276
"전주완산소방, 노인복지시설에서 심폐소생술 교육",http://www.domin.co.kr/news/articleView.html?idxno=1396062
백석대 “융복합 교육으로 미래 경쟁력 높이고 지역사회 기여”,https://www.donga.com/news/article/all/20220912/115417553/1
옥천군 황규철 군수 옥천노인대학 특강,http://www.daejonilbo.com/news/articleView.html?idxno=2023050
"대한노인회 경북 군위군지회, 경로당 활성화를 위한 읍면 순회 교육 실시",http://www.100ssd.co.kr/news/articleView.html?idxno=90876
한국열린사이버대학교 평생교육원 '사회복지사 2급' 2학기 6차 수강생 모집,http://www.thefirstmedia.net/news/articleView.html?idxno=101798
"남양주시노인복지관, 추석맞이 행사 ‘함께하는 즐거운 한가위’ 진행",http://www.breaknews.com/924051
"대한노인회 경기 광주시지회, 2022년 제1차 이사회 개최",http://www.100ssd.co.kr/news/articleView.html?idxno=90794
"경남교육청, 사회복지시설 10곳 추석 위문",http://www.newsis.com/view/?id=NISX20220908_0002008505&cID=10812&pID=10800
"청주서부소방서, 찾아가는 소방안전교육 실시",http://www.dynews.co.kr/news/articleView.html?idxno=672863
"청운대, 미추홀노인복지관과 시니어 교육 협약",https://news.unn.net/news/articleView.html?idxno=533652
저소득층·노인 등 사회적약자 2100만명에 내년 예산 74.4조 지원(종합),https://www.news1.kr/articles/4797633
"인천시, 노인일자리 종합평가 ‘최우수’… 전국 최초 4년 연속",http://www.skyedaily.com/news/news_view.html?ID=167252
내년 저소득층·노인 등 사회적 약자에 예산 74조 지원...“복지 사각지대 해...,https://biz.chosun.com/policy/policy_sub/2022/09/08/2WDSGZ2JKFEZJJKEN4GLLNRSXI/?utm_source=naver&utm_medium=original&utm_campaign=biz
"‘깜깜이 연구용역’ 경남도 42% 미공개, 도교육청은 92% 수의계약 [의회소식...",http://www.kukinews.com/newsView/kuk202209130214
"전북은행, 금융 분야 전문 노인 일자리 창출",https://www.pressian.com/pages/articles/2022091414184519165?utm_source=naver&utm_medium=search
“노인 연령 올리자” KDI 제안… 정년연장 논의 불가피,https://news.kmib.co.kr/article/view.asp?arcid=0924262810&code=11151100&cp=nv
"""노인에서 청소년까지 확대"" 전주시, 고독사예방사업 추진",http://www.newsis.com/view/?id=NISX20220913_0002010853&cID=10899&pID=10800
코이카 글로벌인재교육원 영월서 후원활동 지속 전개,https://www.news1.kr/articles/4801103
"울산시, 북구 송정동에 제2시립노인복지관 건립",http://www.newsis.com/view/?id=NISX20220904_0002001926&cID=10814&pID=10800
"진주시, 2022년 찾아가는 장애인식개선교육",http://www.newsgn.com/333900
"대한노인회 강원 속초시지회, 1·3세대가 함께하는 예절프로그램으로 즐거운 ...",http://www.100ssd.co.kr/news/articleView.html?idxno=90970
"대한노인회 강원 속초시지회, 1·3세대가 함께하는 예절프로그램으로 즐거운 ...",http://www.100ssd.co.kr/news/articleView.html?idxno=90970
인천시 노인일자리 평가 4년 연속 '최우수' 쾌거,http://www.kihoilbo.co.kr/news/articleView.html?idxno=995667
50년 뒤 인구 절반이 고령…청년 1명이 노인 1명 먹여살려야,http://www.edaily.co.kr/news/newspath.asp?newsid=03735926632457496
"남원소방서, 어린이 소방안전교육 실시",https://www.jjan.kr/article/20220915580164
"경남도의회 교육위원회, 노인요양시설 위문",http://www.gnnews.co.kr/news/articleView.html?idxno=509657
"산청교육청, 취약계층 민원서류 배달제 운영",http://www.gnnews.co.kr/news/articleView.html?idxno=509986
"충북보과대, 행복모아㈜ 근로자 직무교육",http://www.dynews.co.kr/news/articleView.html?idxno=673043
"JDC, 제주포럼 부대행사 '노인도서관' 개최",http://www.newsjeju.net/news/articleView.html?idxno=381887
"동해시노인종합복지관, 2022년 노인사회활동지원사업 활동교육 실시",http://www.withinnews.co.kr/news/view.html?section=1&category=155&item=&no=28702
내년 저소득층·노인 등 취약계층 2천100만명에 예산 74조 지원,https://www.yna.co.kr/view/AKR20220907157500002?input=1195m
내년 저소득층·노인 등 취약계층 2천100만명에 예산 74조 지원,https://www.yna.co.kr/view/AKR20220907157500002?input=1195m
"서원대학교 운영 청주시사회복지급식관리지원센터, 어르신 비대면 위생교육",https://www.gukjenews.com/news/articleView.html?idxno=2548959
"안동 노인종합복지관, 실버 교양프로그램 운영",http://www.shinailbo.co.kr/news/articleView.html?idxno=1599190
"인천시, 전국 최초 4년 연속 노인일자리 평가 최우수상",http://www.shinailbo.co.kr/news/articleView.html?idxno=1598455
"산청교육지원청, 산엔청복지관에 사랑의 쌀 전달",http://www.enewstoday.co.kr/news/articleView.html?idxno=1598788
"한국교통안전공단, 고령자 맞춤 교통안전교육",https://www.inews365.com/news/article.html?no=731015
"JDC, 제주포럼 부대행사 '노인도서관' 개최",http://www.jejumaeil.net/news/articleView.html?idxno=319212
"태백시, 노인복지기금 지원사업 공모",http://www.cfnews.kr/news.aspx/63744
"진천 광혜원면 기업체협의회, 지역 노인회 간식비 전달",http://www.breaknews.com/923607
이천시. '중대재해처벌법 안전교육’ 실시,http://www.breaknews.com/924444
"태백시, 노인복지기금 지원사업 공모",http://www.cfnews.kr/news.aspx/63744
"진천 광혜원면 기업체협의회, 지역 노인회 간식비 전달",http://www.breaknews.com/923607
이천시. '중대재해처벌법 안전교육’ 실시,http://www.breaknews.com/924444
[14일 화성시 소식] '어린이 논 산책' 유아 인성교육 프로그램 재인증 등,https://www.asiatime.co.kr/article/20220914500205
책을 통해 교육을 실천하는 도서관학교,https://www.eroun.net/news/articleView.html?idxno=29603
"충북보건과학대, 장애인 재직근로자 직무향상과정 교육",https://news.unn.net/news/articleView.html?idxno=533828
"JDC, 제주포럼 '노인도서관'…4·3유족 허순자 할머님 등 인터뷰",http://www.jejudomin.co.kr/news/articleView.html?idxno=212658
"교통안전공단 충북본부, 제천명락복지관서 '교통안전교육'",https://www.ccdailynews.com/news/articleView.html?idxno=2153842
"홍성군보건소, '우리도 할 수 있어요' 노인비만프로그램 운영",http://www.chungnamilbo.co.kr/news/articleView.html?idxno=678968
"인천시, 전국 최초 4년 연속 '노인일자리 종합평가' 최우수상",https://www.cstimes.com/news/articleView.html?idxno=512213
"세종시교육청, 추석 맞아 사회복지시설 위문",https://www.news1.kr/articles/4793624
"정부, 저소득층·장애인·노인 등 취약계층에 74조 원 지원",https://news.kbs.co.kr/news/view.do?ncd=5551876&ref=A
"대한노인회 충북 단양군지회, 9988행복지키미 활동·소양교육 실시",http://www.100ssd.co.kr/news/articleView.html?idxno=90515
"대한노인회 경기 이천시지회, 노인학대예방교육 실시",http://www.100ssd.co.kr/news/articleView.html?idxno=90790
"초고령화 1호 대도시, '노인과 부산'의 미래",http://weekly.chosun.com/news/articleView.html?idxno=21841
"영진전문대 평생교육원, 방문재활간호 아카데미 2기 개설",https://news.bbsi.co.kr/news/articleView.html?idxno=3081307
"JDC, 제주포럼서 노인도서관 운영 ""세대 소통 기대""",http://www.jemin.com/news/articleView.html?idxno=743165
대한노인회 완주군지회 노인대학 문 열어,http://www.domin.co.kr/news/articleView.html?idxno=1396188
"제주서부소방서 영어교육도시119센터, 주택용 소방시설 지원신청제 집중홍보 ...",http://www.headlinejeju.co.kr/news/articleView.html?idxno=496281
"농식품유통교육원, 추석 맞이 지역상생 사회공헌 펼쳐",http://daily.hankooki.com/news/articleView.html?idxno=868991
"안동시노인종합복지관, 실버 교양프로그램 수강생 모집",http://www.hidomin.com/news/articleView.html?idxno=494097
"""66조→74조원""...내년 저소득층·노인 등 지원 예산 13%↑",http://news.mt.co.kr/mtview.php?no=2022090808114351301
"JDC, 제주포럼 2022 참여…부대 행사 ‘노인도서관’ 운영",http://www.thebigdata.co.kr/view.php?ud=202209141049552352d2db879fd_23
"충북보건과학대, 행복모아(주) 장애인 재직근로자 직무향상과정 교육 실시",https://www.gukjenews.com/news/articleView.html?idxno=2550181
"청주시사회복지급식관리지원센터, 어르신 비대면 위생교육 실시",http://www.jbnews.com/news/articleView.html?idxno=1370739
"청주시사회복지급식관리지원센터, 입소 어르신 비대면 위생교육 진행",http://www.breaknews.com/923595
"대한노인회 전북 남원시지회, 노인지도자 교육 중 경로당회장 간담회 가져",http://www.100ssd.co.kr/news/articleView.html?idxno=90808
"포천우체국, 포천시노인복지관 노인 대상 추석명절나눔 및 보이스피싱 예방교...",https://www.nbntv.co.kr/news/articleView.html?idxno=992439
"인천시, 시민·행정 연결 중간지원조직...시민교육 이끈다",http://www.enewstoday.co.kr/news/articleView.html?idxno=1598276
"전주완산소방, 노인복지시설에서 심폐소생술 교육",http://www.domin.co.kr/news/articleView.html?idxno=1396062
백석대 “융복합 교육으로 미래 경쟁력 높이고 지역사회 기여”,https://www.donga.com/news/article/all/20220912/115417553/1
옥천군 황규철 군수 옥천노인대학 특강,http://www.daejonilbo.com/news/articleView.html?idxno=2023050
"대한노인회 경북 군위군지회, 경로당 활성화를 위한 읍면 순회 교육 실시",http://www.100ssd.co.kr/news/articleView.html?idxno=90876
한국열린사이버대학교 평생교육원 '사회복지사 2급' 2학기 6차 수강생 모집,http://www.thefirstmedia.net/news/articleView.html?idxno=101798
"남양주시노인복지관, 추석맞이 행사 ‘함께하는 즐거운 한가위’ 진행",http://www.breaknews.com/924051
"대한노인회 경기 광주시지회, 2022년 제1차 이사회 개최",http://www.100ssd.co.kr/news/articleView.html?idxno=90794
"경남교육청, 사회복지시설 10곳 추석 위문",http://www.newsis.com/view/?id=NISX20220908_0002008505&cID=10812&pID=10800
"청주서부소방서, 찾아가는 소방안전교육 실시",http://www.dynews.co.kr/news/articleView.html?idxno=672863
"청운대, 미추홀노인복지관과 시니어 교육 협약",https://news.unn.net/news/articleView.html?idxno=533652
울산 북구 송정동에 제2시립노인복지관 건립…2024년 준공,https://www.yna.co.kr/view/AKR20220905007000057?input=1195m
"청주서부소방서, 찾아가는 소방안전교육 실시",https://www.inews365.com/news/article.html?no=731084
울산 북구 송정동에 제2시립노인복지관 건립…2024년 준공,https://www.yna.co.kr/view/AKR20220905007000057?input=1195m
산청교육청， 민원 서류 배달 장애인ㆍ독거노인 등 대상,http://www.gnmaeil.com/news/articleView.html?idxno=503762
저소득층·노인 등 사회적약자 2100만명에 내년 예산 74.4조 지원(종합),https://www.news1.kr/articles/4797633
청운대-미추홀노인복지관·노인회 교육 협약,http://www.veritas-a.com/news/articleView.html?idxno=428627
"연천교육청, 추석맞이 지역 사회복지시설 4곳에 위문품 전달",http://www.incheonilbo.com/news/articleView.html?idxno=1160750
"세종시교육청, 추석 맞이 사회복지시설 위문...""12곳""",http://daily.hankooki.com/news/articleView.html?idxno=868018
"대한노인회 경기 용인시 수지구지회, 2022년 제3차 정기이사회 개최",http://www.100ssd.co.kr/news/articleView.html?idxno=90854
"순찰하던 해양경찰들, 길가에 쓰러진 노인 구조",https://www.jnilbo.com/view/media/view?code=2022091410525922985
"[인터뷰]대한노인재활의학회, 박시복 회장·김철 이사장",http://medicalworldnews.co.kr/news/view.php?idx=1510951783
"[인터뷰]대한노인재활의학회, 박시복 회장·김철 이사장",http://medicalworldnews.co.kr/news/view.php?idx=1510951783
"영천시, 찾아가는 디지털 역량 강화 교육 운영",http://www.shinailbo.co.kr/news/articleView.html?idxno=1597895
"괴산군, 취약계층 평생교육 프로그램 대상 확대",http://www.newsis.com/view/?id=NISX20220908_0002007427&cID=10806&pID=10800
"김길수 남원시의원, ""노인 돌봄서비스 종사자 처우개선해야""",https://www.jjan.kr/article/20220914580164
"괴산군, 취약계층대상 평생교육 프로그램 운영 확대",http://www.ggilbo.com/news/articleView.html?idxno=933394
이재영 증평군수 노인복지관서 역사교육 특강,http://www.joongdo.co.kr/web/view.php?key=20220905010001131
"'정년연장' 논의 불붙나…KDI ""노인연령 상향·임금체계 개편해야""",http://www.edaily.co.kr/news/newspath.asp?newsid=02400966632457496
"완산소방, 노인복지시설서 심폐소생술 교육 실시",http://www.jjn.co.kr/news/articleView.html?idxno=919748
"인천시, 중간지원조직 네트워크 공동 시민교육",http://www.incheontoday.com/news/articleView.html?idxno=221339
"진천군의회 김기복 의원, 노인회 임원 활동비 지원 현실화 촉구",https://www.gukjenews.com/news/articleView.html?idxno=2550156
"진천군의회 김기복 의원, 노인회 임원 활동비 지원 현실화 촉구",https://www.gukjenews.com/news/articleView.html?idxno=2550156
"세종시교육청, 추석 맞아 사회복지시설 위문",https://cc.newdaily.co.kr/site/data/html/2022/09/05/2022090500100.html
"이재영 증평군수, 증평군노인복지관서 역사교육 특강",https://www.gukjenews.com/news/articleView.html?idxno=2544160
"산청교육지원청, '취약계층 민원서류 배달제' 운영",http://www.joongdo.co.kr/web/view.php?key=20220914010003472
"대전중장년지원센터, 3학기 ‘직업훈련 개발교육 및 문화여가 활동교육’ 수강...",http://www.shinailbo.co.kr/news/articleView.html?idxno=1598244
"[대구소식] 북구, 경로당서 스마트폰·키오스크 교육 실시 등",http://www.newsis.com/view/?id=NISX20220906_0002004899&cID=10810&pID=10800
"""노인 복지로 영혼 구원의 열매를 맺다""",https://www.goodnews1.com/news/articleView.html?idxno=412339
"황규철 옥천군수, 옥천군 노인회 노인대학 특강",http://www.ggilbo.com/news/articleView.html?idxno=933401
진도경찰 교통사고 예방을 위한 교통안전 교육,http://www.kwangju.co.kr/article.php?aid=1663229404743369153
"농식품유통교육원, 추석 맞이 지역상생 사회공헌 펼쳐",http://sjbnews.com/news/news.php?number=756317
"울산시, 제2시립노인복지관 건립… 2024년 8월 준공",https://www.news1.kr/articles/4793107
"이재영 증평군수, 증평군노인복지관 찾아 역사교육 특강",http://www.bzeronews.com/news/articleView.html?idxno=528833
"괴산군, 취약계층대상 평생교육 프로그램 운영 확대",https://www.inews365.com/news/article.html?no=730831
"농식품유통교육원, 추석 맞이 '지역상생 사회공헌'",http://www.ccnnews.co.kr/news/articleView.html?idxno=268583
세종시교육청 행복한 추석 보내세요,http://www.m-i.kr/news/articleView.html?idxno=948151
"인천시, 중간지원조직 네트워크 공동 시민교육 개최",http://www.lecturernews.com/news/articleView.html?idxno=107005
호남대 사회복지학과 '간호학과 학생 대상 노인장애인 체험 활동' 진행,http://www.veritas-a.com/news/articleView.html?idxno=428916
"충북보과대, 행복모아(주) 장애인 재직근로자 직무향상과정 교육",http://www.jbnews.com/news/articleView.html?idxno=1370859
시설물 상시 개방해 노인대학 운영ㆍ청소년 예의교육,http://www.gnmaeil.com/news/articleView.html?idxno=503615
"인천시,‘노인일자리는 인천’명성 입증",http://www.breaknews.com/923803
"울산, 제2시립노인복지관 건립···2024년 8월 준공",https://www.khan.co.kr/local/Ulsan/article/202209050830001
"세종시교육청, 추석 맞이 사회복지시설 위문",https://www.viva100.com/main/view.php?key=20220905010001314
시설물 상시 개방해 노인대학 운영ㆍ청소년 예의교육,http://www.gnmaeil.com/news/articleView.html?idxno=503615
"인천시,‘노인일자리는 인천’명성 입증",http://www.breaknews.com/923803
"전북은행, 김제노인종합복지관에 'JB어르신 문화쉼터 제9호' 오픈",http://www.jeonmin.co.kr/news/articleView.html?idxno=363389
"윤 대통령, 독거노인 찾아 추석선물 전달…""위기가구 촘촘히 발굴""",http://mbn.mk.co.kr/pages/news/newsView.php?category=mbn00006&news_seq_no=4834928
"괴산군, 취약계층대상 평생교육 운영 확대",http://www.daejonilbo.com/news/articleView.html?idxno=2023010
"영천시, 찾아가는 디지털 역량 강화 교육 나서",http://www.kbsm.net/news/view.php?idx=363403
"제주영상문화산업진흥원, 장애청소년 미디어교육 개설",http://www.jejusori.net/news/articleView.html?idxno=407583
"농식품유통교육원, 추석 맞이 사회공헌 진행",http://www.aflnews.co.kr/news/articleView.html?idxno=232854
울산 북구에 지역 최대 제2시립노인복지관 건립,http://www.fnnews.com/news/202209050958278767
"제주영상문화산업진흥원, 장애청소년 미디어교육 개설",http://www.jejusori.net/news/articleView.html?idxno=407583
"농식품유통교육원, 추석 맞이 사회공헌 진행",http://www.aflnews.co.kr/news/articleView.html?idxno=232854
"내년 저소득층·노인 등에 74조 지원…""사회적 약자 보호, 국가 책무""",http://www.joseilbo.com/news/news_read.php?uid=465630&class=1&grp=
영진전문대 평생교육원 방문재활간호 아카데미 개설,http://www.newsis.com/view/?id=NISX20220908_0002008489&cID=10810&pID=10800
대한노인회 완주군지회 노인대학 문 열어,http://www.jeollailbo.com/news/articleView.html?idxno=667118
"[청주소식] 이범석 시장, 노인요양시설 추석 위문 등",http://www.newsis.com/view/?id=NISX20220905_0002003149&cID=10899&pID=10800
[진천소식]전통시장·노인요양시설 방문 등,http://www.newsis.com/view/?id=NISX20220905_0002003539&cID=10806&pID=10800
"경남교육청, 범숙학교에 위문품 전달",http://www.idomin.com/news/articleView.html?idxno=804554
"인천시, 중간지원조직 네트워크 공동 시민교육 개최",https://www.dnews.co.kr/uhtml/view.jsp?idxno=202209141103196730586
내년 저소득층·노인 등 취약계층 2100만명에 예산 74조 지원,http://www.newsway.co.kr/news/view?tp=1&ud=2022090816071058710
"거제시니어클럽, 사업 참여 노인 대상 교육",http://www.gnnews.co.kr/news/articleView.html?idxno=509363
"세종교육청, 사회복지시설 방문 사랑나눔",http://www.ccnnews.co.kr/news/articleView.html?idxno=268172
"울산시, 북구에 제2시립노인복지관 건립…2024년 준공",https://www.sedaily.com/NewsView/26AYEURY2C
"KDI, '노인연령 상향조정 가능성과 기대효과' 브리핑 [TF사진관]",http://news.tf.co.kr/read/photomovie/1963370.htm
"서울중부소방서, 남산실버복지센터 안전교육",http://fpn119.co.kr/183837
"광양시, 노인맞춤돌봄서비스 평생교육 프로그램 실시",http://daily.hankooki.com/news/articleView.html?idxno=867006
‘100세 시대’ 일하는 노인 ‘실업 안전망’이 없다,https://www.hani.co.kr/arti/economy/economy_general/1057267.html
"로이교육재단, 서구 노인들에 김 1000세트 선물",http://www.kihoilbo.co.kr/news/articleView.html?idxno=994858
[D:영화 뷰] '영화계 바깥에서 안으로'…어린이 영화기자단부터 노인 감독까지,https://www.dailian.co.kr/news/view/1151443/?sc=Naver
"로이교육재단, 서구 노인들에 김 1000세트 선물",http://www.kihoilbo.co.kr/news/articleView.html?idxno=994858
[D:영화 뷰] '영화계 바깥에서 안으로'…어린이 영화기자단부터 노인 감독까지,https://www.dailian.co.kr/news/view/1151443/?sc=Naver
구강보건의료 공공인력 위한 생생한 교육의 장 열린다,http://www.k-health.com/news/articleView.html?idxno=61028
"농식품유통교육원, 추석 맞이 사회공헌 펼쳐…'지역 이웃사랑' 실천",http://www.newskr.kr/news/articleView.html?idxno=81408
50년 뒤 한국은 '노인의 나라'…'역성장 쇼크' 밀려온다,http://www.fnnews.com/news/202209051526330660
"정부, 내년 장애인·청년·노인 등 '사회적 약자' 74.4조 지원",http://www.newspim.com/news/view/20220908000059
"대한노인회 부안군지회 1.3세대 통합프로그램 나라 사랑 듣고,보고,배우기 교...",http://www.domin.co.kr/news/articleView.html?idxno=1395944
"울릉교육지원청, 어려운 이웃에 온정의 손길",http://www.hidomin.com/news/articleView.html?idxno=493520
"[알고보니] 월 27만 원 노인일자리, 용돈벌이 허드렛일?",https://imnews.imbc.com/replay/2022/nwdesk/article/6403914_35744.html
"[포토]청주서부소방서, 찾아가는 소방안전교육 실시",https://www.ccdailynews.com/news/articleView.html?idxno=2154011
거창군， 삶의 쉼터 복지관 골든타임 낙상예방 교육,http://www.gnmaeil.com/news/articleView.html?idxno=503731
"연천교육지원청, 추석맞이 사회복지시설 격려 위문품 전달",https://www.gukjenews.com/news/articleView.html?idxno=2546973
경기도 3번째 '학대피해 노인전용쉼터' 10월 용인 오픈,http://www.newsis.com/view/?id=NISX20220902_0002000956&cID=14001&pID=14000
"임실군, 민선 8기 공약사업 본격 추진...일자리경제?교육문화 등 4대 분야 75...",http://www.sportsseoul.com/news/read/1158413?ref=naver
[교육소식]마산대 체력센터 '어르신 체력왕 선발대회' 등,http://www.newsis.com/view/?id=NISX20220908_0002007733&cID=10812&pID=10800
"대한노인회 인천 남동구지회, 경로당 임원 리더십 강화 교육실시",http://www.100ssd.co.kr/news/articleView.html?idxno=90815
"순창군, 찾아가는 노인 저시력 예방교육 진행",https://www.wikitree.co.kr/articles/785661
"완주노인복지센터, 어르신 모시고 영화 관람",http://sjbnews.com/news/news.php?number=756138
"대한노인회 울산 북구지회, 청소년 효사랑 학습당 운영",http://www.100ssd.co.kr/news/articleView.html?idxno=90605
"인천시 교통안전리더, 노인 맞춤형 교통안전교육 지원",http://www.kihoilbo.co.kr/news/articleView.html?idxno=994879
"인천시 교통안전리더, 노인 맞춤형 교통안전교육 지원",http://www.kihoilbo.co.kr/news/articleView.html?idxno=994879
"울산시, 제2시립노인복지관 건립",http://www.enewstoday.co.kr/news/articleView.html?idxno=1596308
[포토] 추석 명절 앞두고 예절교육을 받는 어린이들,http://www.m-i.kr/news/articleView.html?idxno=948997
"대한노인회 세종시지회, 2022년 경로당활성화사업 프로그램 강사 교육",http://www.100ssd.co.kr/news/articleView.html?idxno=90429
"황규철 군수, 특강 통해 노인들과 '소통'",https://www.inews365.com/news/article.html?no=730792
"광주 전문건설협회, 교육청·구청·복지시설 등에 온정의 손길",http://www.newsis.com/view/?id=NISX20220907_0002005897&cID=10899&pID=10800
"대한노인회 경기연합회, 노인자원봉사활동 유공자 시상",http://www.100ssd.co.kr/news/articleView.html?idxno=90826
"대전서부소방서, 찾아가는 소방안전교육ㆍ홍보",http://fpn119.co.kr/183680
"영천시, 찾아가는 디지털 역량 강화 교육 운영",https://www.dkilbo.com/news/articleView.html?idxno=376003
"한전KPS, 어르신 디지털교육 공간 '노노케어 설치' 후원",http://www.newsis.com/view/?id=NISX20220902_0002000439&cID=10201&pID=10200
"한전KPS, 어르신 디지털교육 공간 '노노케어 설치' 후원",http://www.newsis.com/view/?id=NISX20220902_0002000439&cID=10201&pID=10200
"대구시, 노인복지대상 수상자 선정",https://www.gukjenews.com/news/articleView.html?idxno=2545321
"청양군, 평생교육 특성화 프로그램 수강생 모집",https://www.ccdailynews.com/news/articleView.html?idxno=2153623
"신흥섭 소이면 노인회분회장, '성금' 기탁",http://www.daejonilbo.com/news/articleView.html?idxno=2021557
"강남구, 노인복지관에 메타버스 체험관··· 8일 개관",https://www.siminilbo.co.kr/news/newsview.php?ncode=1160284692935285
"울산시, 노인복지 서비스 '성큼'···제2시립노인복지관 건립 外",https://www.ajunews.com/view/20220905172657807
"광양경찰, 찾아가는 노인범죄 맞춤형 예방 교육",http://daily.hankooki.com/news/articleView.html?idxno=865198
"의성군, 추석명절 독거노인 안전모니터링 호평",http://www.ksmnews.co.kr/default/index_view_page.php?idx=394016&part_idx=7
"전남 광양시, 노인맞춤돌봄서비스 평생교육 프로그램 실시",http://www.enewstoday.co.kr/news/articleView.html?idxno=1595981
"㈜탑코, 취약계층 아동 교육 및 치료비 후원금 전달",http://news.mk.co.kr/newsRead.php?no=798372&year=2022
"전남 광양시, 노인맞춤돌봄서비스 평생교육 프로그램 실시",http://www.enewstoday.co.kr/news/articleView.html?idxno=1595981
"㈜탑코, 취약계층 아동 교육 및 치료비 후원금 전달",http://news.mk.co.kr/newsRead.php?no=798372&year=2022
노인재활의학교과서 개정판 출간…1년에 4회 이상 온라인 교육도 진행,http://medicalworldnews.co.kr/news/view.php?idx=1510951781
울산 송정동에 제2노인복지관,https://www.hankyung.com/society/article/2022090653081
"광양시, 노인맞춤돌봄서비스 평생교육 프로그램 진행",http://www.gjdream.com/news/articleView.html?idxno=617823
"울진 평해읍, 노인일자리 안전교육",http://www.ksmnews.co.kr/default/index_view_page.php?idx=392994&part_idx=170
전주남부노인복지센터-우리들사랑요양병원 진료협력 '맞손',https://www.news1.kr/articles/4794266
"순창군, 노인 저시력 예방 건강교실 운영",http://www.domin.co.kr/news/articleView.html?idxno=1394914
대전교육청 추석맞이 사회복지시설 위문,http://www.ggilbo.com/news/articleView.html?idxno=931854
"부영 우정교육문화재단, 외국인 유학생 85명에 장학금 3억 지원",http://www.edaily.co.kr/news/newspath.asp?newsid=02476406632430600
"서울대치과병원, 보건소·보건지소 대상 '구강건강관리 스킬업 교육' 실시",http://sports.chosun.com/news/ntype.htm?id=202209070100041850002204&servicedate=20220906
"대한노인회 부산 서구지회, 노인일자리사업 참여자들 송도 탐방",http://www.100ssd.co.kr/news/articleView.html?idxno=90810
청운대-산곡노인문화센터 업무협약,http://www.veritas-a.com/news/articleView.html?idxno=428626
"대한노인회 경북 영주시지회, 2022 영주호 노인일자리 사업 발대식 개최",http://www.100ssd.co.kr/news/articleView.html?idxno=90818
"광양시, 노인맞춤돌봄서비스 평생교육 프로그램 실시",http://www.nspna.com/news/?mode=view&newsid=590955
"구미교육지원청, 추석맞이 복지시설 위문품 전달",http://www.m-i.kr/news/articleView.html?idxno=949192
교통사망사고 중 노인 운전자 사고 24%...보행자 사망사고는 노인 59%,http://www.newsis.com/view/?id=NISX20220901_0001998860&cID=10201&pID=10200
"대한노인회 경기 파주시지회, 어르신 교통사고 예방을 위한 업무협약",http://www.100ssd.co.kr/news/articleView.html?idxno=90806
"﻿김용익 ""새로운 노인인구 특성 고려한 정책 필요""",https://www.dailymedi.com/news/news_view.php?wr_id=888183
울산 북구에 제2시립노인복지관 건립… 2024년 8월 준공,https://www.gukjenews.com/news/articleView.html?idxno=2543859
"전주시, 폐지 수거 노인 전수조사…지원 방안 마련",https://news.kbs.co.kr/news/view.do?ncd=5544479&ref=A
가미카제 특공 직전 '대기명령'... 96세 노인의 간절한 바람 [일본史람],http://www.ohmynews.com/NWS_Web/View/at_pg.aspx?CNTN_CD=A0002860794&CMPT_CD=P0010&utm_source=naver&utm_medium=newsearch&utm_campaign=naver_news
"고흥군, 가정방문 노인전담 주치의제",https://www.nocutnews.co.kr/news/5811114
이천 화재사고 후 요양병원 등 노인시설 단속 강화되나,http://www.docdocdoc.co.kr/news/articleView.html?idxno=2026826
내년 저소득층·노인 등 취약계층 2100만명에 예산 74조 지원,https://www.gukjenews.com/news/articleView.html?idxno=2547811
송정동 제2울산시립노인복지관 2024년에 건립,https://www.donga.com/news/article/all/20220905/115322640/1
"놀이터엔 노인들만…""애 한 명도 안 태어난 마을도""[영상]",https://www.nocutnews.co.kr/news/5810813
"구로구, 안전사고 대처능력 위한 교육 프로그램 추진",https://www.siminilbo.co.kr/news/newsview.php?ncode=1160282307872733
"영진전문대 평생교육원, 방문재활간호 아카데미 개설",http://www.kbsm.net/news/view.php?idx=363256
"'다큐온' 키오스크, 허위광고, 가짜 뉴스에 멈춘 노인들, 디지털 교육 필요",https://ilyo.co.kr/?ac=article_view&entry_id=435907
"[제주시 소식] 용담2동, 어린이 대상 보행·교통안전 교육",https://www.news1.kr/articles/4795767
"대한노인회 전남 여수시지회, 독거 남자 어르신 대상 '영양 듬뿍 건강한 식탁...",http://www.100ssd.co.kr/news/articleView.html?idxno=90567
저소득층·노인 등 사회적약자 지원에 내년도 예산 74조원 편성,https://futurechosun.com/?p=68222
"한전KPS, 어르신 디지털 친화 교육체험 공간 설치 후원",http://www.fnnews.com/news/202209021404492282
"[포착] “제발 내 손자 건들지마”..70대 노인, 가해 청소년들 앞에 무릎",https://nownews.seoul.co.kr/news/newsView.php?id=20220907601004&wlog_tag3=naver
"종로구, 연말까지 노인 정서케어 프로 운영",https://www.siminilbo.co.kr/news/newsview.php?ncode=1160290432609561
"울산시, 송정동에 2024년 제2시립노인복지관 건립",https://news.kbs.co.kr/news/view.do?ncd=5550568&ref=A
[8일 평택시 소식] 위험성평가 담당자 사전교육 실시 등,https://www.asiatime.co.kr/article/20220908500200
"울산시, 제2시립노인복지관 건립…9월 착공 2024년 준공",https://www.cnbnews.com/news/article.html?no=563026
"광양경찰서, 노인특성 고려한 맞춤형 예방교육 진행",http://www.newspim.com/news/view/20220830000595
[알쓸정책] 내년 저소득층·노인 등 취약계층 2100만명에 예산 74조 지원,https://www.hellot.net/news/article.html?no=71310
여수소방서 노인 돌봄서비스 전담반 운영,http://www.welfarenews.net/news/articleView.html?idxno=85732
"대구 달성군, 노인대학 옥포읍 순회교육",https://www.dnews.co.kr/uhtml/view.jsp?idxno=202208281148247680227
"영천교육지원청, 추석맞이 사랑나눔 위문품 전달",http://daily.hankooki.com/news/articleView.html?idxno=868298
"대구시, 제11회 노인복지대상 수상자 선정",http://www.kbsm.net/news/view.php?idx=362908
"황규철 옥천군수, 옥천군 노인회 노인대학 특강",https://www.gukjenews.com/news/articleView.html?idxno=2547530
"울산시, 제2시립노인복지관 착공…2024년 여름 준공 예정",http://www.upinews.kr/newsView/upi202209040021
"보은교육청, 교육복지안전망 구축 나서",https://www.gukjenews.com/news/articleView.html?idxno=2545833
"[사설] 2070년 인구 절반이 65세 이상 노인, 근본적 대책 마련해야",https://www.khan.co.kr/opinion/editorial/article/202209052019015
"대한노인회 전남 목포시지회, 2021년 노인일자리 사업 우수 수행기관 선정",http://www.100ssd.co.kr/news/articleView.html?idxno=90822
"대한노인회 전남 목포시지회, 2021년 노인일자리 사업 우수 수행기관 선정",http://www.100ssd.co.kr/news/articleView.html?idxno=90822
"[기고] 인구는 줄고 노인만 늘어가는 대한민국, 근본적 대책 시급",http://www.m-i.kr/news/articleView.html?idxno=948823
"대구시, 제11회 노인복지대상 수상자 선정…박영자·서인제 씨",http://www.kyongbuk.co.kr/news/articleView.html?idxno=2111473
"순창군, 삶의 질 높이는 '노인 저시력 예방교육'건강교실 운영",http://www.jeollailbo.com/news/articleView.html?idxno=666259
"광진구 , 스스로 고립된 10t 쓰레기집 노인 세상 밖으로 유도한 사연",https://view.asiae.co.kr/article/2022090208054601824
"괴산군, 취약계층대상 평생교육 프로그램 운영 확대",https://www.ccdailynews.com/news/articleView.html?idxno=2153533
"우리들사랑요양병원-전주 남부노인복지센터, 진료협력 업무협약 체결",http://news.mt.co.kr/mtview.php?no=2022090511327437904
"동서발전, 울산 함월노인복지관에 스마트센터 3호점",https://www.nocutnews.co.kr/news/5809987
"구미교육지원청, 추석 맞아 복지시설에 위문품 전달",http://daily.hankooki.com/news/articleView.html?idxno=869368
"황규철 옥천군수, 노인회 노인대학 특강 진행",http://www.breaknews.com/923109
"황규철 옥천군수, 노인회 노인대학 특강 진행",http://www.breaknews.com/923109
"영천시, 어르신 대상…찾아가는 디지털 역량 강화 교육 운영",https://www.gukjenews.com/news/articleView.html?idxno=2547888
"당진노인복지관, 입맛 돋우는 열무김치 50통 전달",https://www.cctoday.co.kr/news/articleView.html?idxno=2167456
13년째 지역 어르신 돌보는 충북교육청 '충사단',https://www.yna.co.kr/view/AKR20220819108900064?input=1195m
"[기업사회활동] 농식품유통교육원, 추석 맞이 지역상생 사회공헌 실시",http://www.lawissue.co.kr/view.php?ud=202209072128275874f4ab64559d_12
경기도 내 세번째 학대피해노인전용쉼터 용인에 내달 개소,https://www.pressian.com/pages/articles/2022090214131563449?utm_source=naver&utm_medium=search
"고흥군, 가정방문 노인전담 주치의제 시행",http://daily.hankooki.com/news/articleView.html?idxno=866493
"달성군, 노인대학 순회교육 실시",http://www.dkilbo.com/news/articleView.html?idxno=374708
"'공공형 노인 일자리' 줄이는 尹정부, '노인 연령' 상한 검토",http://www.sporbiz.co.kr/news/articleView.html?idxno=631016
"한전KPS, 어르신 디지털 친화 교육체험 공간 설치 후원",http://daily.hankooki.com/news/articleView.html?idxno=867055
"충남교육청, 추석명절 맞아 사회복지시설에 온정 전해",https://www.asiatoday.co.kr/view.php?key=20220905010002451
"농식품유통교육원, 추석 맞이 지역상생 사회공헌 펼쳐",http://www.newsworker.co.kr/news/articleView.html?idxno=172514
"농협경제지주, 서대문노인종합복지관에 쌀 5톤 기부",http://www.smedaily.co.kr/news/articleView.html?idxno=238364
"한국동서발전, 함월노인복지관에 '시니어 스마트센터' 3호점 개점",http://news.mk.co.kr/newsRead.php?no=767343&year=2022
의령경찰서， 고령자 맞춤 교통안전교육,http://www.gnmaeil.com/news/articleView.html?idxno=503243
완주군 구이노인복지센터 생활지원사 나눔 행사,http://www.domin.co.kr/news/articleView.html?idxno=1395739
"공정위, 대학생 대상 소비자 교육 진행…디지털 취약계층 봉사활동 병행",http://www.newspim.com/news/view/20220906000582
"청양군, 평생교육 특성화 프로그램 수강생 모집",http://www.chungnamilbo.co.kr/news/articleView.html?idxno=678382
"경남교육청, 추석맞이 이웃사랑 실천",http://www.newsfreezone.co.kr/news/articleView.html?idxno=407527
"광양경찰, 찾아가는 노인범죄 예방 교육 ·홍보",http://www.nspna.com/news/?mode=view&newsid=590086
"괴산군, 취약계층 평생교육 확대",http://www.dynews.co.kr/news/articleView.html?idxno=672577
"광양제철소, 독거노인 마음이음 발대...공감형 봉사 시금석",https://news.kmib.co.kr/article/view.asp?arcid=0017422575&code=61121111&cp=nv
내년 저소득층·노인 등 취약계층 2천100만명에 예산 74조 지원,http://www.fntoday.co.kr/news/articleView.html?idxno=279731
"태안군, 학교 방문 '생명 지킴이 교육' 큰 호응",http://www.m-i.kr/news/articleView.html?idxno=948221
울산 북구 송정동에 제2시립노인복지관 들어선다,http://www.ksilbo.co.kr/news/articleView.html?idxno=946153
13년째 독거노인 보살피는 충북교육청 공무원 동아리 '충사단',https://www.news1.kr/articles/4778585
"경기도, 용인시에 학대피해노인전용쉼터 개소...10월에 오픈",https://www.ajunews.com/view/20220902131810368
"경북 영천시, “영천시, 찾아가는 디지털 역량 강화 교육 운영”",https://www.viva100.com/main/view.php?key=20220909010002403
"창원대 인재개발원, 지역대학 취업활성화 ‘연합취업캠프’ 개최 [교육소식]",http://www.kukinews.com/newsView/kuk202209080149
"사천시니어클럽, 2022년 노인일자리 참여자 직무교육 실시",http://www.shinailbo.co.kr/news/articleView.html?idxno=1591205
13년째 독거노인 돌보는 충북교육청 '충사단',http://www.joongdo.co.kr/web/view.php?key=20220821010005719
"황규철 옥천군수, 옥천군 노인회 노인대학 특강",http://www.bzeronews.com/news/articleView.html?idxno=529190
"광양시 보건진료소, 남성노인 전립선비대증 등 예방교육 실시",http://daily.hankooki.com/news/articleView.html?idxno=862891
"서산시, 노인맞춤돌봄서비스 생활지원사 역량강화 교육",http://www.chungnamilbo.co.kr/news/articleView.html?idxno=677305
"충남교육청, 추석명절 맞아 사회복지시설에 온정 전해",https://www.ccdailynews.com/news/articleView.html?idxno=2152552
"노인연령 상향 가능성, KDI가 필요성 제기…""10년마다 1세씩 올리는 단계적 방...",http://www.newsinside.kr/news/articleView.html?idxno=1141884
"인천시, 휴머니튜드 전문교육자 양성…""치매 돌봄 특별시 조성""",https://www.news1.kr/articles/4785408
"부영그룹 우정교육문화재단, 외국인 유학생에 장학금",http://www.newsis.com/view/?id=NISX20220824_0001989160&cID=10401&pID=10400
"대한노인회 대전 유성구지회, 경로당서 전국 최초 온라인 윷놀이 대회 개최",http://www.100ssd.co.kr/news/articleView.html?idxno=90819
"강원교육청, 추석명절 사회복지시설 위문품 전달",https://www.asiatoday.co.kr/view.php?key=20220906010003484
"대구 달성군, 노인대학 옥포읍 순회교육",http://www.kbsm.net/news/view.php?idx=361640
"광양시, 노인맞춤돌봄서비스 평생교육 프로그램 실시",http://www.asiaa.co.kr/news/articleView.html?idxno=97585
무주노인종합복지관 노인맞춤돌봄서비스 영양교육,http://sjbnews.com/news/news.php?number=754688
"광양노인복지관, 웰다잉 인식교육",https://www.jnilbo.com/view/media/view?code=2022082414373258409
교육 예산 첫 100조 넘어… ‘반도체 인재 양성’ 대폭 증액,https://news.kmib.co.kr/article/view.asp?arcid=0924261623&code=11131300&cp=nv
"한전KPS, 어르신 디지털 친화 교육체험 공간 설치 후원",https://www.dailian.co.kr/news/view/1149111/?sc=Naver
"익산소방서, 노인일자리 참여자 소방안전교육",http://sjbnews.com/news/news.php?number=754540
"울산시, 송정동에 2024년 제2시립노인복지관 건립",https://news.kbs.co.kr/news/view.do?ncd=5550672&ref=A
울산시 북구 송정동에 제2시립노인복지관 건립,http://www.ujeil.com/news/articleView.html?idxno=311772
"대한노인회 경기 수원시 장안구지회, 대하엔지니어링·경희수원한방병원에서 ...",http://www.100ssd.co.kr/news/articleView.html?idxno=90817
"대한노인회 경기 수원시 장안구지회, 대하엔지니어링·경희수원한방병원에서 ...",http://www.100ssd.co.kr/news/articleView.html?idxno=90817
"농협경제주지주, 서대문노인종합복지관에 쌀 5톤 기부",http://www.segye.com/content/html/2022/09/07/20220907518309.html?OutUrl=naver
"""韓, 인구감소로 복합위기…의료·교육·국방·도시정책 모두 바꿔야""",https://www.hankyung.com/economy/article/2022090525731
"충남교육청, 추석명절 사회복지시설 방문 '사랑나눔' 실천!",https://www.gukjenews.com/news/articleView.html?idxno=2543998
"""노인 성생활이 삶에 미치는 영향""…80세 만학도 박사의 논문",https://www.joongang.co.kr/article/25095217
[6일 안성시 소식] 27일부터 미화서비스원 양성교육 실시 등,https://www.asiatime.co.kr/article/20220906500244
"울릉교육지원청, 송담실버타운에 추석명절 맞이 위문품 전달",http://www.kyongbuk.co.kr/news/articleView.html?idxno=2111432
"순창군, 11개 읍·면 노인회 대상 '근육감소 예방 과정' 인기만발",http://www.newsfreezone.co.kr/news/articleView.html?idxno=406911
"LH-道, 학대피해노인 전용쉼터 설치·운영 위한 업무협약 체결",http://www.kihoilbo.co.kr/news/articleView.html?idxno=994514
13년째 독거노인 살피는 충북교육청 동아리 '충사단',http://www.jbnews.com/news/articleView.html?idxno=1368905
13년째 독거노인 살피는 충북교육청 동아리 '충사단',http://www.jbnews.com/news/articleView.html?idxno=1368905
"한전KPS, 관내 노인복지관에 '디지털 친화 교육체험 공간' 설치 후원",https://www.viva100.com/main/view.php?key=20220902010000624
"강원도교육청, 추석명절 맞아 사회복지시설 7곳에 위문품 전달",https://www.ajunews.com/view/20220906151906534
"거창군, '꽈당 No! 골(骨)든타임 낙상예방교육' 인기",http://www.enewstoday.co.kr/news/articleView.html?idxno=1597632
"태안군, 지역 학교 찾아가는 '생명 지킴이 교육' 호응",http://www.chungnamilbo.co.kr/news/articleView.html?idxno=677914
78세 독학 노인 '7수' 끝 고졸검정고시 합격,http://www.dynews.co.kr/news/articleView.html?idxno=671417
경일대-영양군노인복지관 산학협력 체결…한성민 교수 후원금 전달,https://www.yeongnam.com/web/view.php?key=20220906010000800
"함안경찰서, 윤산마을 노인들 대상 교통 안전 교육",http://www.knnews.co.kr/news/articleView.php?idxno=1384505
공공형 노인 일자리 6만 개 없앤 정부... 우려스러운 이유,http://www.ohmynews.com/NWS_Web/View/at_pg.aspx?CNTN_CD=A0002861804&CMPT_CD=P0010&utm_source=naver&utm_medium=newsearch&utm_campaign=naver_news
"매일헬스뉴트리션, 한림대학교와 춘천시와 함께 지역사회 노인 위한 MOU 체결",https://news.imaeil.com/page/view/2022083115370243487
[단독] 유치원 몰래 폐원..교육청 '경찰에 고발',https://www.usmbc.co.kr/article/9NrxoI0dIeI-mNFWyCx2
논산시 노인 건강관리 '스마트하게',http://www.dynews.co.kr/news/articleView.html?idxno=672054
"완주노인복지센터, 어르신 모시고 영화 관람",http://www.domin.co.kr/news/articleView.html?idxno=1395463
순창군 삶의 질 높인는 '노인저시력 예방교육' 건강교실 운영,http://www.jjn.co.kr/news/articleView.html?idxno=919026
진주처럼 빛나는 진주지역 ‘학생 진로교육·여성 취업교육’,http://www.knnews.co.kr/news/articleView.php?idxno=1385382
"우리들사랑요양병원, 전주 남부노인복지센터와 업무협약",https://www.jjan.kr/article/20220905580295
인천 '치매 돌봄 특별시' 선포…전문 교육자 양성한다,https://www.sedaily.com/NewsView/269Z3YZAXH
"태안군, 지역 학교 찾아가는 '생명 지킴이 교육' 호응",http://www.ccnnews.co.kr/news/articleView.html?idxno=268290
"인천시, 인천형 노인일자리 발굴 TF 구성",https://www.kyeonggi.com/article/20220828580149
"경기도, 용인에 학대피해노인전용쉼터 개소... 쉼터 총 3개소로 확대",http://www.joongboo.com/news/articleView.html?idxno=363556792
"""배움에 나이 없어""… 전국 성인문해교육 시화전 수상",http://www.chungnamilbo.co.kr/news/articleView.html?idxno=678218
고흥군 '가정방문 노인전담 주치의제' 7일부터 시행,http://www.newspim.com/news/view/20220901000396
정부 공공형 노인일자리 축소 의사…빈곤 노인 “27만 원 절실”,http://www.kookje.co.kr/news2011/asp/newsbody.asp?code=0300&key=20220907.99099001758
"영양노인복지관, 노인복지 발전. 전문인력 양성",http://www.shinailbo.co.kr/news/articleView.html?idxno=1596789
"광양노인복지관, 웰다잉 인식교육 진행",http://www.nspna.com/news/?mode=view&newsid=589045
13년째 독거노인 살피는 충북교육청 공무원 동아리 충사단 눈길,http://www.bzeronews.com/news/articleView.html?idxno=527320
"순창군, 하반기 군민사회교육 운영",https://www.wikitree.co.kr/articles/782764
인천 교통사고 사망자 고령 39%‧‧‧노인 안전교육 실시,http://www.incheontoday.com/news/articleView.html?idxno=220997
"복지부, 치과의사·위생사 역량 강화 교육 운영",http://www.dentalnews.or.kr/news/article.html?no=34833
"영천교육지원청, 추석맞이 사회복지시설 위문품 전달",http://www.shinailbo.co.kr/news/articleView.html?idxno=1596080
"고흥군, '가정방문 노인전담 주치의제' 시행",http://www.shinailbo.co.kr/news/articleView.html?idxno=1593996
"한전KPS, 어르신 디지털 친화 교육체험 공간 설치 후원",http://www.enewstoday.co.kr/news/articleView.html?idxno=1595924
광양제철소 '독거노인 마음이음 사업' 발대식,http://www.newspim.com/news/view/20220830000583
"광주서구노인종합복지관, 선배시민봉사단 오리엔테이션 진행",http://www.gjdream.com/news/articleView.html?idxno=617714
"함안경찰서, 찾아가는 노인 교통안전 교육",http://www.gnnews.co.kr/news/articleView.html?idxno=508394
"완주군, 이서면 노인일자리 어르신 인권 함양",http://sjbnews.com/news/news.php?number=754422
공주시 성인문해교육 시화전 입상,http://www.dynews.co.kr/news/articleView.html?idxno=672411
"영양군노인복지관-경일대 사회복지학과, 전문인력 양성 산학협력 협약 체결",http://www.kyongbuk.co.kr/news/articleView.html?idxno=2111470
논산소방서 어르신 대상 소방안전교육,http://www.daejonilbo.com/news/articleView.html?idxno=2020355
보호시설 내 노인학대 여전,http://www.naeil.com/news_view/?id_art=433937
논산소방서 어르신 대상 소방안전교육,http://www.daejonilbo.com/news/articleView.html?idxno=2020355
보호시설 내 노인학대 여전,http://www.naeil.com/news_view/?id_art=433937
"광주시교육청, 적극행정 우수사례 경진대회 장려상 수상",http://news.tf.co.kr/read/national/1962852.htm
"영진전문대 평생교육원, 방문재활간호 전문인력 양성 나서",http://www.newsfreezone.co.kr/news/articleView.html?idxno=407491
"다큐온, 키오스크부터 스마트폰까지…'노인을 위한 디지털은 없다? 있다!'",http://www.lecturernews.com/news/articleView.html?idxno=106026
"강진군, 노인심리상담전문가 양성",http://www.namdonews.com/news/articleView.html?idxno=693176
"홍천군노인복지관, 노년사회화교육 반장 및 강사 간담회 진행",http://www.shinailbo.co.kr/news/articleView.html?idxno=1592890
"부산디지털역량교육 사업단, 디지털 취약계층 '키오스크 교육'",https://www.news1.kr/articles/4781055
"세종시교육청, 세종시 지역 내 사회복지시설 방문 온정 전달",http://www.newstnt.com/news/articleView.html?idxno=224308
"완주 구이면, 노인일자리 어르신 응급 대처능력 강화",http://sjbnews.com/news/news.php?number=755549
"완주 구이면, 노인일자리 어르신 응급 대처능력 강화",http://sjbnews.com/news/news.php?number=755549
울진군 평해읍 노인일자리 실시,http://www.cfnews.kr/news.aspx/63511
"치매 '돌봄 특별시' 조성 나선 인천시, “전문 교육자 양성 통해 지원 강화”",http://www.sportsseoul.com/news/read/1154907?ref=naver
"서천군보건소, 허약노인 1대1 건강관리 체계 강화",http://www.chungnamilbo.co.kr/news/articleView.html?idxno=676656
"대한노인회 경기 남양주시지회, 하반기 경로당 여가프로그램 운영교육 및 간담...",http://www.100ssd.co.kr/news/articleView.html?idxno=90825
"울진군노인복지관, 하반기 교육프로그램 수강생 모집",http://www.nspna.com/news/?mode=view&newsid=588640
충남교육청 사회복지시설 위문,http://www.cctimes.kr/news/articleView.html?idxno=719167
"단양노인복지관, 디지털 소외 극복 ‘키득키득봉사단’ 양성",http://www.breaknews.com/921965
"한전KPS, 어르신 디지털 친화 교육체험 공간 설치 후원",http://www.energydaily.co.kr/news/articleView.html?idxno=130471
"한전KPS, 어르신 디지털 친화 교육 공간 마련",http://www.jndn.com/article.php?aid=1662437919344240099
"LH, 80세이상 독거노인 ‘생활돌봄 서비스’ 시범실시",https://www.khan.co.kr/economy/real_estate/article/202208211100001
"도사회복지공동모금회, 2022 신규기획사업 전달식과 수행안내교육 진행 돼",http://www.kwnews.co.kr/page/view/2022090714380841417
"홍성의료원, 퇴원환자 지속관리를 위한 모니터링 도구 교육 실시",https://www.ccdailynews.com/news/articleView.html?idxno=2153447
"한국동서발전, 지역 노인 디지털 배움터 완공",http://www.mediapen.com/news/view/750757
"[군민이 빛나는 달성] <2>달성군의 확실한 미래 투자, ‘보육’과 ‘교육’",https://news.imaeil.com/page/view/2022090214511382047
"수도권매립지주민지원협의체, 검단노인복지관 어르신 문화활동 지원",http://www.shinailbo.co.kr/news/articleView.html?idxno=1596951
"경남교육청, 추석맞이 이웃사랑 실천..사회복지시설 10개 기관 위문",http://kpenews.com/View.aspx?No=2530873
"[울산] 울산시, 북구 송정동에 제2 시립 노인복지관 건립",https://www.ytn.co.kr/_ln/0115_202209051545469266
함안경찰서， 윤산마을서 노인 교통안전교육,http://www.gnmaeil.com/news/articleView.html?idxno=502687
"광산구시설관리공단,노인 정보화기기 교육협력 SK텔레콤과 업무협약 체결",http://www.enewstoday.co.kr/news/articleView.html?idxno=1594681
"광산구시설관리공단,노인 정보화기기 교육협력 SK텔레콤과 업무협약 체결",http://www.enewstoday.co.kr/news/articleView.html?idxno=1594681
"강원도교육청, 추석명절 맞아 사회복지시설 7곳에 위문품 전달",http://www.shinailbo.co.kr/news/articleView.html?idxno=1595831
"""약사 직능 전문성 강화, 핵심은 '교육(敎育)'에 있다""",http://www.pharmnews.com/news/articleView.html?idxno=209550
"보은교육지원청, 유관기관 합동 추석 명절 ‘함께 장보기’ 운영",http://www.breaknews.com/922817
"동해교회 청소년봉사단, 사례관리 노인 22가정 방문",http://www.newspim.com/news/view/20220905000249
"농협경제주지주, 서대문노인종합복지관에 쌀 5톤 전달",http://www.fntimes.com/html/view.php?ud=202209072128292763dd55077bc2_18
"LH, 임대주택 거주 독거노인 위한 '어르신 생활돌봄서비스' 시범사업",https://www.news1.kr/articles/4778737
"부영그룹 우정교육문화재단, 33개국 85명 외국인 유학생에 장학금 지급",https://www.hankyung.com/realestate/article/202208244492i
"롯데시네마, 전국치매협회 독거노인 대상 문화나눔 진행",https://www.ajunews.com/view/20220830085340001
"울산시, '제2시립노인복지관' 착공",http://www.metroseoul.co.kr/article/20220905500122
" LH, ‘어르신 생활돌봄서비스’로 독거노인 돕는다",http://www.fnnews.com/news/202208211012010934
"롯데시네마, 전국치매협회 독거노인 대상 문화나눔 진행",http://www.sportsworldi.com/newsView/20220830505973
"대전교육청, 한가위 맞아 사랑나눔 실천",http://www.joongdo.co.kr/web/view.php?key=20220901010000056
"영진전문대 평생교육원, 어르신께 포괄적인 맞춤형 재활운동 서비스 전문인재...",https://www.gukjenews.com/news/articleView.html?idxno=2547031
"도노인회, ‘2022 노인자원봉사 활성화 수행기관 실무차 회의’ 개최",http://www.kwnews.co.kr/page/view/2022082815473190091
13년째 홀몸노인 돌보는 충북교육청 '충사단',https://www.ccdailynews.com/news/articleView.html?idxno=2149422
 태안군'은퇴 신중년 재취업 설계 교육' 성과,https://www.ccdailynews.com/news/articleView.html?idxno=2151730
"충남교육청, 추석명절 맞이 사회복지시설 찾아 사랑나눔 실천",http://www.newstnt.com/news/articleView.html?idxno=224316
"대한노인회 당진시지회, 보육교사도우미 소양교육 진행",http://www.idjnews.kr/news/articleView.html?idxno=135837
"영천교육지원청, 추석맞이 사회복지시설 위문품 전달",http://www.kbsm.net/news/view.php?idx=362805
"광양제철소, 독거노인 마음이음 사업 발대식 개최",http://www.newsway.co.kr/news/view?tp=1&ud=2022083013160464582
"인천시, 노인일자리 발굴위해 전담팀 구성",http://www.fnnews.com/news/202208261449217827
"강진군, 노인심리상담전문가 양성에 앞장서",http://www.breaknews.com/919100
"마포구약, 노인종합복지관서 정기 교육 전개키로",http://www.dailypharm.com/Users/News/NewsView.html?ID=291279&REFERER=NP
"보은교육지원청, 추석 명절 '함께 장보기' 운영",http://www.bzeronews.com/news/articleView.html?idxno=529068
"[기업사회활동] 한전KPS, 어르신 디지털 친화 교육체험 공간 설치 후원",http://www.lawissue.co.kr/view.php?ud=202209022056473309f4ab64559d_12
학대피해노인전용쉼터 용인시에 10월 개원··· 총 3개소로 확대,http://www.paxetv.com/news/articleView.html?idxno=153020
"울진군 노인복지관, 하반기 교육프로그램 수강생 모집",http://www.kbsm.net/news/view.php?idx=360969
"순창군, 하반기 군민사회교육 운영",http://www.jeollailbo.com/news/articleView.html?idxno=665391
"부영그룹 우정교육문화재단, 외국인 유학생 85명에 장학금 지급",https://www.sedaily.com/NewsView/269X93B4D5
"부영그룹 우정교육문화재단, 외국인 유학생 85명에 장학금",https://n.news.naver.com/mnews/article/215/0001050311?sid=101
"태안군, '은퇴 신(新)중년 재취업 설계 교육' 첫 결실!",https://www.gukjenews.com/news/articleView.html?idxno=2541443
"LH, 공공임대 독거노인 돌봄서비스 개시…'돌보미' 120명 채용",http://news.mt.co.kr/mtview.php?no=2022082110014818047
"청양군, 평생교육 특성화 프로그램 수강생 모집",http://www.bzeronews.com/news/articleView.html?idxno=529208
"한전KPS, 어르신 디지털 친화 교육체험 공간 설치 후원",http://www.businesskorea.co.kr/news/articleView.html?idxno=99679
"순창군, 서예교실 등 군민사회교육 12월까지 운영",http://www.domin.co.kr/news/articleView.html?idxno=1393674
"고흥군, 「가정방문 노인전담 주치의제」 시행",https://www.pressian.com/pages/articles/2022090114215835716?utm_source=naver&utm_medium=search
"울진군노인복지관, 하반기 교육프로그램 수강생 모집",http://www.ksmnews.co.kr/default/index_view_page.php?idx=391303&part_idx=170
[기고] 노인빈곤은 ‘국가적 재난’이다,https://www.kyeonggi.com/article/20220829580229
‘할머니위한 무인기기 교육 버스’ ‘장애친구 통학할 수 있었으면’…어른보...,https://www.khan.co.kr/local/Jeonnam/article/202209051627001
"울진군노인복지관, 하반기 교육프로그램 수강생 모집",http://www.ksmnews.co.kr/default/index_view_page.php?idx=391303&part_idx=170
[기고] 노인빈곤은 ‘국가적 재난’이다,https://www.kyeonggi.com/article/20220829580229
‘할머니위한 무인기기 교육 버스’ ‘장애친구 통학할 수 있었으면’…어른보...,https://www.khan.co.kr/local/Jeonnam/article/202209051627001
"한전KPS, 어르신 디지털 친화 교육체험 공간 설치 후원",http://www.newsworker.co.kr/news/articleView.html?idxno=171733
"대전교육청, 추석 명절 맞아 사랑 나눔 실천",http://www.chungnamilbo.co.kr/news/articleView.html?idxno=677228
"광양제철소, 독거노인 마음이음 사업 발대식 가져",http://www.nspna.com/news/?mode=view&newsid=590166
"간호조무사 교육과정 경북전문대, 수료식 개최",https://www.dkilbo.com/news/articleView.html?idxno=375660
의성 경로당 행복도우미 노인학대 예방교육,http://www.dkilbo.com/news/articleView.html?idxno=374522
"고흥군, 「가정방문 노인전담 주치의제」 시행",http://www.newsworker.co.kr/news/articleView.html?idxno=171486
무주군 경로당 노인건강관리 프로그램 운영,http://sjbnews.com/news/news.php?number=754766
"태안군, '은퇴 신(新)중년 재취업 설계 교육' 결실",http://www.joongdo.co.kr/web/view.php?key=20220901010000097
"서울대치과병원, 보건소·보건지소 치의료인력 역량강화 교육 실시",http://www.healthinnews.co.kr/news/articleView.html?idxno=32224
"LH, 임대주택 독거노인 돌봄서비스 확대",https://news.mtn.co.kr/news-detail/2022082011032737310
"동구청, 노인일자리사업 교육",http://www.dkilbo.com/news/articleView.html?idxno=373922
해외 고령자 교육 입법례로 보는 우리나라 개선 방향,https://bravo.etoday.co.kr/view/atc_view.php?varAtcId=13880
"경기도, 10월 용인에 학대피해노인전용쉼터 문연다. 쉼터 총 3곳으로 확대",http://www.beyondpost.co.kr/view.php?ud=2022090216171159012e1c49aa6_30
"한전KPS, 어르신 디지털 교육공간 후원",http://www.kjdaily.com/article.php?aid=1662287614583302004
"완주군 저소득 노인, 의치보철 무료 지원",http://sjbnews.com/news/news.php?number=754768
"고양시대화노인종합복지관, 취약계층 디지털 교육 실시",https://www.siminilbo.co.kr/news/newsview.php?ncode=1160280116853399
"안양시, 치매가족 대상 '응급처치 및 소방안전 교육'",http://www.joongdo.co.kr/web/view.php?key=20220828010007872
"안양시, 치매가족 대상 '응급처치 및 소방안전 교육'",http://www.joongdo.co.kr/web/view.php?key=20220828010007872
"울산, 고령사회 진입 목전…시민들 ""노인복지 대책 강화해야""",https://www.yna.co.kr/view/AKR20220819007700057?input=1195m
"대구 동구청, 노인일자리사업 참여자 안전교육 실시",https://www.dnews.co.kr/uhtml/view.jsp?idxno=202208190131091230117
울릉도 취약계층ㆍ노인시설 추석선물…울릉교육지원청 위문품 전달,http://www.kbmaeil.com/news/articleView.html?idxno=938025
사천교육지원청， 사회복지시설 위문 생필품 기탁,http://www.gnmaeil.com/news/articleView.html?idxno=503429
지역주민이 위기 가구 발굴… “매뉴얼-교육 없어” 실효성 ‘글쎄’,https://www.donga.com/news/article/all/20220825/115145251/1
"부영그룹 우정교육문화재단, 외국인 유학생 85명에 장학금",https://news.kmib.co.kr/article/view.asp?arcid=0924260708&code=11151400&cp=nv
"대전교육청, 추석 명절 따뜻한 사랑 나눔 실천",http://www.ccnnews.co.kr/news/articleView.html?idxno=267871
함양군 노인 맞춤돌봄 '2022년 이용자 인권 교육',http://www.gnnews.co.kr/news/articleView.html?idxno=508373
"완주군의회, 폐기물 소각장 문제로 환경청 항의 방문…순창군, '노인 저시력 ...",http://www.sisaon.co.kr/news/articleView.html?idxno=142509
"완주군의회, 폐기물 소각장 문제로 환경청 항의 방문…순창군, '노인 저시력 ...",http://www.sisaon.co.kr/news/articleView.html?idxno=142509
"광양제철소, 독거노인 마음이음 사업 발대",http://www.shinailbo.co.kr/news/articleView.html?idxno=1593412
"한전KPS, 어르신 디지털 격차 해소 위한 교육체험 공간 설치 후원",http://www.paxetv.com/news/articleView.html?idxno=152954
오늘은 독거노인 가구 방문…尹 한달째 ‘발로 뛰는 민생’,http://www.munhwa.com/news/view.html?no=2022090101030521335001
[카드뉴스] 강원도교육 주요뉴스 (9월 6일),http://www.weeklytoday.com/news/articleView.html?idxno=522473
"동서발전, 함월노인복지관에 '시니어 스마트센터' 3호점 개점",http://www.betanews.net:8080/article/1359078.html
"인천시, 고령자 맞춤형 교통안전 교육…어르신지킴이 교통안전리더 배출",http://www.lecturernews.com/news/articleView.html?idxno=106466
"고흥, 어르신 대상 노인전담 주치의제' 시행...대상자 500명 선정",https://www.asiatoday.co.kr/view.php?key=20220904010001686
연명의료제도 5년…'윤리위 설치·의료진 교육' 등 여전히 미비,http://www.docdocdoc.co.kr/news/articleView.html?idxno=2026712
"조시영 대창 회장, 군산교육발전진흥재단에 1000만원 기탁",https://www.news1.kr/articles/4779548
"울진, 노인복지관 하반기 교육프로그램 수강생 모집",http://www.shinailbo.co.kr/news/articleView.html?idxno=1589760
"부산연제시니어클럽, 바리스타 교육 등 사회활동지원사업 수료",https://www.news1.kr/articles/4786600
"LS그룹, 소외계층 지원하고 미래인재 교육 지원 전력",http://www.datanews.co.kr/news/article.html?no=123306
"서귀포시, 홀로 사는 노인 실태조사 추진",http://news.tf.co.kr/read/national/1960088.htm
LH '어르신 생활돌봄서비스' 시범사업 추진... 노인인력개발원과 업무협약,http://www.fnnews.com/news/202208211241455501
"경북행복재단,'2022년도 경북 경로당행복도우미 심화교육' 실시",https://news.imaeil.com/page/view/2022083016301738335
충북 노인 학대 최다 가해자는 '기관'…암수범죄 우려,http://www.newsis.com/view/?id=NISX20220826_0001991729&cID=10899&pID=10800
"대구시 달성군청, 노인대학에서 어르신들 활기찬 노후생활 유지 교육 실시",https://www.gukjenews.com/news/articleView.html?idxno=2537287
"2022년,'제11회 대구시 노인복지대상'수상자 선정",http://www.bzeronews.com/news/articleView.html?idxno=528979
"송파구의회 박경래 의장, 대한노인회 주관 2022 경로당 지도자 교육 참석",http://www.enewstoday.co.kr/news/articleView.html?idxno=1593689
"롯데시네마, 전국치매협회 독거노인 대상 문화나눔 진행",http://www.edaily.co.kr/news/newspath.asp?newsid=02033606632432568
"전북은행, 군산노인종합복지관에 'JB어르신 문화쉼터' 열어",https://www.news1.kr/articles/4781221
"태안군, '은퇴 신(新)중년 재취업 설계 교육' 첫 결실",http://www.ccnnews.co.kr/news/articleView.html?idxno=267790
"담양군노인복지관, 노인맞춤서비스 대상자 문화체험 '호응'",https://www.safetynews.co.kr/news/articleView.html?idxno=215233
"부영 우정교육문화재단, 외국인 유학생 85명에 장학금 지급",https://www.asiatoday.co.kr/view.php?key=20220824010014446
"""노인일자리 교육받으려면 시내까지 나와야""",http://www.djtimes.co.kr/news/articleView.html?idxno=94512
"충남교육청, 추석맞아 도내 사회복지시설 방문",http://www.newsfreezone.co.kr/news/articleView.html?idxno=406259
"여수 새여천라이온스클럽, 여천동 저소득 노인세대 후원",http://www.nspna.com/news/?mode=view&newsid=591352
"BBQ, 노인복지센터에 치킨 기부",http://www.thekpm.com/news/articleView.html?idxno=133361
"광양노인복지관, '웰다잉 인식교육' 진행",http://daily.hankooki.com/news/articleView.html?idxno=863369
"순천시, 3개 노인복지관 톡톡 튀는 프로그램 눈길",https://view.asiae.co.kr/article/2022082413480126029
"광양제철소, 독거노인 마음이음 사업 발대식 개최",http://www.m-i.kr/news/articleView.html?idxno=946617
"전북은행, 군산노인종합복지관에 JB어르신 문화쉼터 제8호 오픈",http://sjbnews.com/news/news.php?number=754860
"성남도시개발공사, 황송노인종합복지관과 업무협약 체결",https://www.ajunews.com/view/20220901084151442
"이재영 증평군수, 평생교육 프로그램 역사교육 특강 진행",http://www.breaknews.com/921942
"BBQ치킨, 8월 노인시설에 450마리 치킨 기부",http://www.smedaily.co.kr/news/articleView.html?idxno=237677
"경기도, 학대피해노인전용쉼터 총 3개소로 확대",http://www.mediagunpo.co.kr/sub_read.html?uid=14768§ion=sc12
"울진군, 노인맞춤돌봄어르신과 함께하는 작은영화관 나들이",https://www.gukjenews.com/news/articleView.html?idxno=2540623
"매일헬스뉴트리션,한림대와 MOU 체결... 노인건강증진 프로그램 개발",http://www.lkp.news/news/articleView.html?idxno=23355
"부영 우정교육문화재단, 외국인 유학생에 장학금 지급",http://www.incheonilbo.com/news/articleView.html?idxno=1158416
"헥톤프로젝트, 요양시설 운영자 대상 회계·재무 교육 진행",https://www.asiatime.co.kr/article/20220818500104
"순창군, 하반기 군민사회교육 운영",http://www.joongdo.co.kr/web/view.php?key=20220823010006593
"부영그룹 우정교육문화재단, 33개국 외국인 유학생에 장학금 3.4억원 지급",http://news.tvchosun.com/site/data/html_dir/2022/08/24/2022082490113.html
"한양사이버대학교 실버산업학과, 대한민국 문화경영대상 실버산업교육 대상 수...",https://www.ibabynews.com/news/articleView.html?idxno=107654
"경기도노인일자리지원센터, '참좋은상품' 안내서 제작",https://www.asiatoday.co.kr/view.php?key=20220901010000226
"경북도, 경로당행복도우미 심화교육 실시",http://www.nspna.com/news/?mode=view&newsid=590274
대한노인회 영월군지회 예쁜 절(禮節)로 세대(世代) 동행(同幸),http://www.cfnews.kr/news.aspx/63612
"대전교육청, 추석 명절 따뜻한 사랑 나눔 실천",http://www.newstnt.com/news/articleView.html?idxno=224203
"남군현 울릉교육장, 한가위 온정의 위문품",http://www.ksmnews.co.kr/default/index_view_page.php?idx=393435&part_idx=1
"LH-노인인력개발원, '어르신 생활돌봄서비스' 업무협약",https://www.asiatoday.co.kr/view.php?key=20220821010012184
"'또하나의가족', 요양시설 운영자 회계·재무 교육 진행",http://www.rapportian.com/news/articleView.html?idxno=150401
"LH-노인인력개발원, '어르신 생활돌봄서비스' 업무협약",https://www.asiatoday.co.kr/view.php?key=20220821010012184
"부영 우정교육문화재단, 유학생 85명에 장학금",http://www.dkilbo.com/news/articleView.html?idxno=374438
"고흥군, 가정방문 노인전담 주치의제 시행",http://www.kjdaily.com/article.php?aid=1662374496583413008
마산합포노인복지관 사업 참여자 문화체험,http://www.idomin.com/news/articleView.html?idxno=803779
"순천시, 3개 노인복지관 톡톡 튀는 프로그램 '큰 호응'",http://daily.hankooki.com/news/articleView.html?idxno=863425
"광양제철소, 독거노인 마음이음 사업 발대...공감형 봉사 시금석",https://view.asiae.co.kr/article/2022083013292485747
"대구 동구청, 노인일자리사업 참여자 안전교육",http://www.ksmnews.co.kr/default/index_view_page.php?idx=390924&part_idx=266
"인천시, 휴머니튜드 전문교육자 양성...'치매 돌봄 특별시' 조성 나서",http://www.ifm.kr/news/342677
"울진군, 노인맞춤돌봄어르신 작은영화관 나들이 진행",http://www.kbsm.net/news/view.php?idx=362124
저 성과 정부 사업 예산 매년 의무적으로 깎는다…복지·교육·기초과학 1순위...,https://www.khan.co.kr/economy/economy-general/article/202208221000001
"대전시교육청, 추석 명절 '사회복지시설 위문방문'···'사랑 나눔 실천'",http://www.newsfreezone.co.kr/news/articleView.html?idxno=405446
"광양제철소, 독거노인 마음이음 사업 발대식",https://www.safetynews.co.kr/news/articleView.html?idxno=215063
"청도농협 직원 일동, 노인복지기금 1천만원 기탁",http://www.newsis.com/view/?id=NISX20220819_0001984140&cID=10810&pID=10800
"경북교육청, 추석맞이 위문 방문에 나서",http://www.breaknews.com/921278
"경남대 극동문제연구소, KGFP 2022 세션 개최 [교육소식]",http://www.kukinews.com/newsView/kuk202208310006
"광양제철소, 독거노인 마음이음 사업 발대...공감형 봉사 시금석",http://www.kukinews.com/newsView/kuk202208300089
"충남농기원, 치유농업프로그램 개발 실습교육",https://www.asiatoday.co.kr/view.php?key=20220830010018284
‘양성평등 목포시’ 소비자교육중앙회 목포지회 켐페인,http://www.nspna.com/news/?mode=view&newsid=591279
"상주시니어클럽, 노인일자리 참여자 통합교육",http://www.ksmnews.co.kr/default/index_view_page.php?idx=391068&part_idx=270
"바디플라워, 이화여자대학교 노인스포츠 지도사 연수원 지정교육 헬스장 선정",http://www.gvalley.co.kr/news/articleView.html?idxno=605490
"창녕군, 시니어클럽 무료 인지선별검사·양성교육 시행",http://www.newsis.com/view/?id=NISX20220819_0001984333&cID=10812&pID=10800
"울진군, 노인맞춤돌봄어르신과 작은영화관 나들이",http://www.ksmnews.co.kr/default/index_view_page.php?idx=392703&part_idx=170
"광양제철소, 독거노인 마음이음 사업 발대... 공감형 봉사 시금석",http://www.newsworker.co.kr/news/articleView.html?idxno=171083
"노인일자리 사업으로 하천 정비, 산불도 예방",http://www.naeil.com/news_view/?id_art=434338
"국회도서관, 해외 주요국의 '노인 교육' 입법례 소개",http://www.readersnews.com/news/articleView.html?idxno=106606
부유하고 교육받은 백인일수록 ‘존엄사’를 원했다,https://www.chosun.com/culture-life/book/2022/08/27/IWTCMONH5BCEDFPR47A5EIVPKU/?utm_source=naver&utm_medium=referral&utm_campaign=naver-news
"대한노인회 충남 태안군지회, 2022년 노인지도자 양성교육 실시",http://www.100ssd.co.kr/news/articleView.html?idxno=90284
화성시 상록자원봉사단 '선체조·명상'으로 노인건강 지킴이,http://www.kihoilbo.co.kr/news/articleView.html?idxno=994328
LH 9월부터 독거노인에 생활돌봄 주거서비스 제공한다,https://www.ebn.co.kr/news/view/1543210/?sc=Naver
노인일자리사업 참여자 2차 안전 및 소양교육,http://www.joongdo.co.kr/web/view.php?key=20220830010008787
"구리경찰서, 실버경찰봉사대원에 교통사고·보이스피싱 예방 교육",http://www.kihoilbo.co.kr/news/articleView.html?idxno=994362
"성남시도시개발공사, 황송 노인종합복지관과 업무협약",http://www.joongdo.co.kr/web/view.php?key=20220901010000258
"합천군, 글로벌 인재육성 위한 일본어 교육 실시",https://www.gukjenews.com/news/articleView.html?idxno=2538413
"노인 생활정보를 한 권에… 서귀포시, 안내서 배포",https://news.kmib.co.kr/article/view.asp?arcid=0924260888&code=11131426&cp=nv
"[100세 인간] ③ ""어떤 노인으로 살 것인가""…4가지 노인의 유형",https://www.yna.co.kr/view/AKR20220819091300055?input=1195m
"농식품유통교육원, 추석 맞이 지역상생 사회공헌",http://www.smedaily.co.kr/news/articleView.html?idxno=238426
"광주시교육청, 2022년 상반기 교육부 적극행정 우수사례 경진대회 장려상 수상",https://www.wikitree.co.kr/articles/786266
예산군노인종합복지관 노인맞춤돌봄서비스,https://www.ccdailynews.com/news/articleView.html?idxno=2151450
군위군 복지공무원 빠른 대처… 뇌경색 증상 독거노인 구해,https://www.ajunews.com/view/20220826162015730
"합천군, 글로벌 인재육성 위한 일본어 교육 실시",https://www.viva100.com/main/view.php?key=20220829010007470
"광양경찰, 찾아가는 범죄예방교육",http://www.kjdaily.com/article.php?aid=1661942251583012062
충북교육청 공무원 동아리 13년째 독거노인 살펴,http://www.dynews.co.kr/news/articleView.html?idxno=670234
의창소방서 의용소방대 홀몸 노인 안전돌보미,http://www.idomin.com/news/articleView.html?idxno=803691
인천형 노인일자리 발굴위해 전담팀 꾸려,http://www.shinailbo.co.kr/news/articleView.html?idxno=1591616
"부영그룹 우정교육문화재단, 85명 외국인 유학생에 장학금 지급",http://www.fntimes.com/html/view.php?ud=202208241445183525b372994c95_18
울산 고령사회 진입…의료·독거노인 지원 강화 필요,http://www.newsis.com/view/?id=NISX20220818_0001983383&cID=10814&pID=10800
서울시립중랑노인종합복지관 ‘알록달록 색종이 접기’ 프로그램 진행,http://www.breaknews.com/921521
"울산 태화동, 노인일자리 참여자 교육",http://www.ujeil.com/news/articleView.html?idxno=311066
"충북 78세 노인 고졸 검정고시 합격 , 독학으로 7번 도전",http://www.breaknews.com/920140
"경북교육청, 도내 사회복지시설과 소방서 위문 방문",https://www.yeongnam.com/web/view.php?key=20220903010000276
"부영 우정교육문화재단, 외국인 유학생 85명에 장학금 3억 지원",http://www.koreaittimes.com/news/articleView.html?idxno=115487
소득 높은 사회서비스형 노인일자리 다양해졌다,http://www.100ssd.co.kr/news/articleView.html?idxno=90677
"헥톤프로젝트 '또하나의가족', 요양시설 회계·재무 교육 진행",https://www.youthdaily.co.kr/news/article.html?no=108761
"함월노인복지관, 2022년 함월노인복지관 추석맞이 '함께, 한가위' 행사 진행",http://www.ksilbo.co.kr/news/articleView.html?idxno=946563
"구리경찰서, 사회적약자 대상 교통사고 및 보이스피싱 예방 교육 추진",http://www.breaknews.com/921566
"한국열린사이버대학교 평생교육, 22년도 2학기 5차 사회복지사 2급 자격증 수...",https://www.siminilbo.co.kr/news/newsview.php?ncode=1160292365070897
"한국노인인력개발원, 인제군과 노인 일자리 창출 협약",https://idsn.co.kr/news/view/1065588224674447
의령경찰서 고령자 맞춤 교통안전교육,http://www.idomin.com/news/articleView.html?idxno=803929
"충남농기원, 치유농업프로그램 개발 실습교육 실시",https://www.ccdailynews.com/news/articleView.html?idxno=2151270
"헥톤프로젝트 '또하나의가족', 요양시설 운영자 대상 회계·재무 교육 진행",http://www.thefirstmedia.net/news/articleView.html?idxno=100318
"울산교육청, 노·사 공동 사랑나눔 헌혈 봉사 실시",https://www.sisa-news.com/news/article.html?no=210669
"인천시, 인천형 노인일자리 발굴위해 전담팀 꾸렸다",https://www.gukjenews.com/news/articleView.html?idxno=2537423
"대한노인회 충남 공주시지회, 2022년 노인지도자 양성 과정 순회 교육 마무리",http://www.100ssd.co.kr/news/articleView.html?idxno=90298
"충북교육청 공무원 동아리 충사단, 13년째 독거노인 봉사",http://www.breaknews.com/917631
"대한노인회 충북 보은군지회, 어르신대상 찾아가는 양성평등 교육 실시",http://www.100ssd.co.kr/news/articleView.html?idxno=90307
"부영그룹 우정교육문화재단, 33개국 85명 외국인 유학생에 장학금 지급",https://www.ekn.kr/web/view.php?key=20220824010004310
"""공감형 봉사 시금석""..광양제철소, '독거노인 마음이음 사업' 발대식 개최",http://kpenews.com/View.aspx?No=2516907
"순천시 3개 노인복지관, 이색 프로그램 운영",https://www.jnilbo.com/view/media/view?code=2022082415555068230
"낙농진흥회, '젖소교감 치유프로그램 양성교육'",http://www.bokuennews.com/news/article.html?no=220281
"낙농진흥회, '젖소교감 치유프로그램 양성교육'",http://www.bokuennews.com/news/article.html?no=220281
"광주시교육청, 2022년 상반기 교육부 적극행정 우수사례 경진대회 장려상 수상",http://www.psnews.co.kr/news/articleView.html?idxno=2013688
순천시 관내 3개 노인복지관 “우리가 최고여!”,https://www.seoul.co.kr/news/newsView.php?id=20220825500081&wlog_tag3=naver
"도로교통공단, '스마트 경로당'어르신 맞춤형 교통안전교육",http://www.ccnnews.co.kr/news/articleView.html?idxno=266933
"대한노인회 부산 연제구지회, 경로당 임원진 안전회의 및 역량강화 교육",http://www.100ssd.co.kr/news/articleView.html?idxno=90281
"영양군노인복지관, 정보화교실 오픈 및 켬퓨터 교육 실시",http://www.shinailbo.co.kr/news/articleView.html?idxno=1593679
"천안시노인종합복지관, '영화관 키오스크 체험' 진행",http://www.ccnnews.co.kr/news/articleView.html?idxno=266492
"부영그룹 우정교육문화재단, 외국인 유학생에 장학금 지급",http://www.thefirstmedia.net/news/articleView.html?idxno=100656
"대한노인회 고창군지회, 노인사회활동지원사업 소양교육",http://sjbnews.com/news/news.php?number=754809
코로나 사태 이후 줄었던 광주 노인 교통사고 사망자…올해 상반기 크게 증가,https://www.nocutnews.co.kr/news/5806473
"헥톤프로젝트 ‘또하나의가족’, 요양시설 운영자 대상 회계·재무 교육 진행",https://www.news2day.co.kr/article/20220818500111
"울산 동구노인복지관, 평생교육·취미여가프로그램 개강식",http://www.ujeil.com/news/articleView.html?idxno=311165
"전남 순천시, 3개 노인복지관 톡톡 튀는 프로그램 즐거운 경쟁",https://www.wikitree.co.kr/articles/783179
"㈜대창, 군산교육발전진흥재단에 장학금 기탁",https://www.jjan.kr/article/20220822580107
"부영그룹 우정교육문화재단, 외국인 유학생 장학금 지급",http://www.gnnews.co.kr/news/articleView.html?idxno=508292
"관악구, 전동보장구 안전교육 프로그램 실시",https://www.siminilbo.co.kr/news/newsview.php?ncode=1160286143995739
"진주경찰서, 어르신 대상 교통안전교육",http://www.gnnews.co.kr/news/articleView.html?idxno=508724
"‘노인 성생활’ 논문, 박사 딴 80세 만학도",https://www.joongang.co.kr/article/25095355
"노인을 채용하려면, '가토제작소'처럼…",http://www.readersnews.com/news/articleView.html?idxno=106582
"대한노인회 경기 고양시 일산서구지회, 배움터지킴이봉사사업단 참여자 교육",http://www.100ssd.co.kr/news/articleView.html?idxno=89995
"화웨이, ‘테크포올 교육 글로벌 온라인 서밋’ 개최",http://www.inews24.com/view/1511332
"충북교육청 공무원 동아리 충사단, 13년째 독거노인 봉사 실천",https://www.gukjenews.com/news/articleView.html?idxno=2533027
"청도군, 요양보호사 양성 교육과정 수료식 가져",https://www.asiatoday.co.kr/view.php?key=20220825010015524
어르신과 행복한 동행...경로당행복도우미 심화교육 실시,http://www.kbsm.net/news/view.php?idx=361974
"헥톤프로젝트 ‘또하나의가족’, 요양시설 운영자 대상 회계·재무 교육",https://www.socialvalue.kr/news/view/1065587013087218
"동서발전, 울산 함월노인복지관에 ‘시니어 스마트센터’ 3호점 개점",https://www.viva100.com/main/view.php?key=20220830010007932
"강동노인종합복지관, 시니어 노후준비 지원 '노후 스케치' 운영",http://www.welfarenews.net/news/articleView.html?idxno=85605
"시흥시노인종합복지관, ‘찾아가는 마을복지관’ 운영",https://www.viva100.com/main/view.php?key=20220830010007702
"경북 청도농협, 청도군에 노인복지기금 1000만 원 기탁",http://www.aflnews.co.kr/news/articleView.html?idxno=232363
"영동군, 농촌 노인 활력 증진 ‘복지실천 시범사업’ 진행",http://www.breaknews.com/920500
"고령군, 찾아가는 치매 예방교육·조기검진 실시",http://www.kbsm.net/news/view.php?idx=361803
"용인시 처인노인복지관&국민건강보험공단 연계, 백세 건강교실 운영",http://www.incheonilbo.com/news/articleView.html?idxno=1159690
"광양제철소, 독거노인 마음이음 사업 발대…공감형 봉사 시금석",https://www.viva100.com/main/view.php?key=20220830010007894
"한전KPS, 어르신 디지털 친화 교육체험 공간 설치 후원",http://www.beyondpost.co.kr/view.php?ud=2022090308494318546a9e4dd7f_30
"[광주소식]서구, 폭염노출 홀몸노인 AI장비로 돌본다 등",http://www.newsis.com/view/?id=NISX20220819_0001984691&cID=10899&pID=10800
"청주상당경찰서, 찾아가는 어르신 교통안전교육 실시",http://www.dynews.co.kr/news/articleView.html?idxno=671193
충북교육청 사랑나눔 봉사단 활동 눈길,https://www.inews365.com/news/article.html?no=728069
"포항시 남구보건소, 노년기 정신건강교육 운영",http://www.hidomin.com/news/articleView.html?idxno=492899
"양산노인일자리센터, 비대면 주문 키오스크 사용 교육",http://www.idomin.com/news/articleView.html?idxno=803278
"헥톤프로젝트 '또하나의가족', 요양시설 운영자 대상 회계·재무 교육 진행",http://www.pinpointnews.co.kr/news/articleView.html?idxno=136527
"구리경찰서, 사회적약자 교통사고. 보이스피싱 예방 교육",http://www.fntoday.co.kr/news/articleView.html?idxno=279440
"롯데컬처웍스, 한국치매협회 독거노인 대상 '한산: 용의 출현' 관람",http://www.newspim.com/news/view/20220830000110
"부영그룹 우정교육문화재단, 유학생 85명에 장학금 3.4억원 전달",http://www.4th.kr/news/articleView.html?idxno=2023590
"대구 달성군, 2022년 노인대학 개강",https://www.dnews.co.kr/uhtml/view.jsp?idxno=202208181547115010012
광주 확진자·재감염·노인 비중 증가…위중증은 다소 감소,https://www.yna.co.kr/view/AKR20220818107100054?input=1195m
전춘성 진안군수 진안군노인대학 특강의 자리 마련,https://www.jjan.kr/article/20220825580130
[시사난장] 노인 암환자 신체기능 관리 서비스 구축을,http://www.kookje.co.kr/news2011/asp/newsbody.asp?code=1700&key=20220826.22019007308
"서귀포시, 만 65세 이상 홀로 사는 노인 실태조사 추진",https://news.bbsi.co.kr/news/articleView.html?idxno=3078531
"순천시, 3개 노인복지관 톡톡 튀는 프로그램 즐거운 경쟁",http://www.m-i.kr/news/articleView.html?idxno=944825
"성남시 중원도서관, 황송노인종합복지관과 업무협약 체결",https://www.siminilbo.co.kr/news/newsview.php?ncode=1160289152725684
"성남시 중원도서관, 황송노인종합복지관과 업무협약 체결",https://www.siminilbo.co.kr/news/newsview.php?ncode=1160289152725684
인천형 노인일자리 발굴위해 전담팀 꾸려,https://www.dnews.co.kr/uhtml/view.jsp?idxno=202208261054584680992
"화성시, 행복마을관리소 역량강화 교육 실시",https://www.asiatoday.co.kr/view.php?key=20220823010013694
"군산시, 찾아가는 어르신 온라인 실생활 교육 운영",https://www.wikitree.co.kr/articles/782668
경북행복재단 '경로당행복도우미 심화교육',http://www.hidomin.com/news/articleView.html?idxno=493076
“건정재정은 용기있는 결단…연금· 지방교육교부금 개혁도 동반돼야”[만났...,http://www.edaily.co.kr/news/newspath.asp?newsid=01108646632432568
"인천시교육청, 신원철 평생교육특보·오흥석 정무특보 위촉",http://www.incheonilbo.com/news/articleView.html?idxno=1159543
"청도, 요양보호사 양성 교육과정 수료식",http://www.shinailbo.co.kr/news/articleView.html?idxno=1591391
"완주군 저소득 노인, 의치보철 무료 지원",http://www.domin.co.kr/news/articleView.html?idxno=1393631
"사천시 보건소, 허약노인 통합건강관리사업 운영",http://www.enewstoday.co.kr/news/articleView.html?idxno=1594147
"화성시, 행복마을관리소 역량강화 교육",https://www.viva100.com/main/view.php?key=20220823010005763
"부영그룹 우정교육문화재단, 33개국 85명 외국인 유학생에 장학금 지급",http://www.insightkorea.co.kr/news/articleView.html?idxno=98464
"영화·강연으로 배우는 인권… 서대문구, 다음 달 ‘찾아가는 인권 교육’ 진...",https://www.seoul.co.kr/news/newsView.php?id=20220823500071&wlog_tag3=naver
화웨이 “혁신 교육촉진에 ICT 역할 중요”,http://www.shinailbo.co.kr/news/articleView.html?idxno=1588696
"인천시, '인천형 노인일자리 발굴' 전담팀 꾸려",https://www.cstimes.com/news/articleView.html?idxno=510172
"UBE 인성교육연구원, 등재후보학술지 인성교육 전문기관 우뚝",http://www.brainmedia.co.kr/BrainTraining/22942
"경남 합천군, 유·초등생 아빠들 교육 '지금부터 아빠타임!' 운영",https://news.imaeil.com/page/view/2022082215594317443
"광양제철소, 독거노인 마음이음 사업 발대식",http://www.jndn.com/article.php?aid=1661934768343854107
"청도군, 요양보호사 양성 교육과정 수료식",https://www.cnbnews.com/news/article.html?no=561354
"보건소 치과의사, 치과위생사 현장 진료역량 강화 추진…교육 프로그램 운영",http://medicalworldnews.co.kr/news/view.php?idx=1510951714
"롯데컬처웍스, 해피앤딩 mom 편한 문화 나눔...치매협회 독거노인 '한산: 용의...",http://www.kdfnews.com/news/articleView.html?idxno=96325
"부안 동진면, 노인사회활동지원사업 참여자 혹서기 안전·소양교육 가져",https://www.ibuan.com/news/articleView.html?idxno=38032
"부영그룹 우정교육문화재단, 33개국 85명 외국인 유학생에 장학금 지급",http://www.efnews.co.kr/news/articleView.html?idxno=98096
"인천시, 노인일자리 발굴 전담팀 구성... 26일 첫 회의",http://www.incheonin.com/news/articleView.html?idxno=90330
"경북전문대학교, 2022년 국비직업교육훈련 한식조리실무자양성과정 수료식",https://www.gukjenews.com/news/articleView.html?idxno=2542569
"무주군, 노인건강관리 프로그램 진행",http://www.jeollailbo.com/news/articleView.html?idxno=665420
"김해 독거노인 80%가 매일 부르는 그 이름 ""아리아~""",http://www.idomin.com/news/articleView.html?idxno=803147
"LH, 한국노인인력개발원과 '어르신 생활돌봄서비스' 시범사업 추진",http://www.newsworker.co.kr/news/articleView.html?idxno=169812
"의창노인복지관, ‘나이야가라 치매예방교실’ 운영  ",https://www.pressian.com/pages/articles/2022082215381158566?utm_source=naver&utm_medium=search
"삼문동, 경로당 보조금 정산 관련 교육 실시",http://www.thekpm.com/news/articleView.html?idxno=132786
"삼문동, 경로당 보조금 정산 관련 교육 실시",http://www.thekpm.com/news/articleView.html?idxno=132786
대전시교육청 사회복지시설 11곳에 위문품 전달,http://www.cctimes.kr/news/articleView.html?idxno=718960
"대전충남산환경연구소, 취약계층 산림체험교육 화제",http://www.ccnnews.co.kr/news/articleView.html?idxno=267893
충북교육청 '충사단' 13년째 지역어르신 돌봐...반찬제공·말벗 봉사,http://www.newspim.com/news/view/20220821000025
"대창 조시영 회장, 군산시 교육발전 장학금 1천만 원 기탁",http://www.domin.co.kr/news/articleView.html?idxno=1393483
"광주시 서구, 상무2동 독거노인 대상~내집에서 바카오이 기르기 체험 프로그램...",https://www.wikitree.co.kr/articles/785479
"LH-한국노인인력개발원, '생활돌봄서비스' 시범사업 추진",http://www.welfarenews.net/news/articleView.html?idxno=85162
"대구 중부소방서, 119응급처치 집중 홍보기간 운영",http://www.newsis.com/view/?id=NISX20220916_0002015431&cID=10810&pID=10800
지역화폐·노인일자리 삭감···민생 예산 국회 내 격론 '예고',http://www.sisajournal-e.com/news/articleView.html?idxno=289001
"창원소방본부, 화재취약계층 대상 맞춤형 소방안전교육 실시",http://www.shinailbo.co.kr/news/articleView.html?idxno=1592952
"화웨이, ‘테크포올 교육 글로벌 온라인 서밋’ 열어",https://www.dnews.co.kr/uhtml/view.jsp?idxno=202208181735580810084
"군산시, 어르신들 키오스크 체험교육 실시",http://www.shinailbo.co.kr/news/articleView.html?idxno=1590065
"서대문구, 내달 7·14·21일 찾아가는 인권교육",https://www.siminilbo.co.kr/news/newsview.php?ncode=1160288273515071
"경상북도, ‘2022년 경북 경로당행복도우미 심화교육’ 실시",https://www.ekn.kr/web/view.php?key=20220830010005330
"진주시, 2022년 찾아가는 장애인식개선교육",http://www.gndomin.com/news/articleView.html?idxno=327130
"부영그룹 우정교육문화재단, 33개국 외국인 유학생 85명에 장학금 지급",http://www.startuptoday.co.kr/news/articleView.html?idxno=108799
"BBQ, 노인복지시설에 치킨 180마리 기부",http://www.pressm.kr/news/articleView.html?idxno=62442
인천형 노인일자리 발굴위해 전담 TF팀 구성,http://www.incheontoday.com/news/articleView.html?idxno=220932
충북 노인학대 피해자 절반이 '치매환자',https://www.cctoday.co.kr/news/articleView.html?idxno=2166965
"""양질의 노인 일자리 창출 최선""",http://www.ujeil.com/news/articleView.html?idxno=310978
"부영그룹 우정교육문화재단, 외국인 유학생에 3억 4000만원 장학금 지급",http://www.newslock.co.kr/news/articleView.html?idxno=59309
[포토뉴스] 평창군 노인지도자 연찬회 개최,http://www.kwnews.co.kr/page/view/2022082413523679602
"화웨이, 혁신적인 교육 촉진 변화의 장 마련 위한 ICT 역할 강조",http://www.boannews.com/media/view.asp?idx=109168&kind=
"춘천남부노인복지관, 지난 22일부터 어르신 평생학습교육 개강해",http://www.kwnews.co.kr/page/view/2022082314410617995
"대한노인회 경북 구미시지회, 찾아가는 보이스피싱 예방교육 실시",http://www.100ssd.co.kr/news/articleView.html?idxno=89704
수원여대 기배·매송노인보건센터가 함께하는 '사랑의 빵 만들기',http://www.veritas-a.com/news/articleView.html?idxno=426973
"동해시노인종합복지관, '소비자보호 사각지대 찾아가는 행사' 개최",http://www.withinnews.co.kr/news/view.html?section=1&category=155&item=&no=28592
"전북은행, 군산노인종합복지관에 'JB어르신 문화쉼터 제8호' 오픈",http://www.domin.co.kr/news/articleView.html?idxno=1393744
"청도군, 요양보호사 양성 교육과정 수료식",http://www.ksmnews.co.kr/default/index_view_page.php?idx=391835&part_idx=7
"광주은행, 서구노인종합복지관에서 포장 삼계탕 봉사활동 펼쳐",https://www.viva100.com/main/view.php?key=20220819010004964
"광주은행, 서구노인종합복지관에서 포장 삼계탕 봉사활동 펼쳐",https://www.viva100.com/main/view.php?key=20220819010004964
"정기석 ""노인수용시설 관리 엉망""",https://www.ccdailynews.com/news/articleView.html?idxno=2150096
"(주)대창, 군산교육발전진흥재단 장학금 1천만원 기탁",http://www.jjn.co.kr/news/articleView.html?idxno=918190
"순천소방서여성의용소방대, 노인 돌봄 서비스 펼쳐",http://www.namdonews.com/news/articleView.html?idxno=693214
연동의용소방대 노인돌봄서비스 실시,http://www.headlinejeju.co.kr/news/articleView.html?idxno=494888
"[인터뷰] 손호철 바론교육 대표 ""ESG 경영, 미래 위해 갈 길…전문가 양성 힘...",http://www.incheonilbo.com/news/articleView.html?idxno=1159352
상지대 60대 이상 대상 디지털 미디어 교육,http://www.kwnews.co.kr/page/view/2022082412190523470
"전북은행, 군산노인종합복지관에 'JB어르신 문화쉼터 제8호' 오픈",http://www.m-i.kr/news/articleView.html?idxno=944609
충북교육청 공무원동아리 충사단 봉사 귀감,http://www.daejonilbo.com/news/articleView.html?idxno=2019503
광주지역경제교육센터-광주장애인종합지원센터 맞손,http://www.newsworker.co.kr/news/articleView.html?idxno=171667
노인 치과 무료검진협약 체결,https://www.siminilbo.co.kr/news/newsview.php?ncode=1160288187971117
"진주경찰서, 시니어클럽 어르신 대상 교통안전교육 실시",http://www.shinailbo.co.kr/news/articleView.html?idxno=1592832
"㈜굿킵스, 노인일자리 어르신에 마스크 기부",http://www.jndn.com/article.php?aid=1662022935344015107
"순천시, 3개 노인복지관 특화프로그램 큰 호응",https://www.siminilbo.co.kr/news/newsview.php?ncode=1160284372807544
"LH, 노인인력개발원과 '어르신 생활돌봄서비스' 추진",https://www.s-journal.co.kr/news/articleView.html?idxno=9516
"광주시교육청, 2022년 상반기 교육부 '적극행정 우수사례 경진대회'... '장려...",http://www.newsworker.co.kr/news/articleView.html?idxno=171800
"청운대, 26일 고령친화산업 혁신발전 전략 교육",https://news.unn.net/news/articleView.html?idxno=532838
"합천, 여성결혼이민자 정착 역량 강화 교육",http://www.shinailbo.co.kr/news/articleView.html?idxno=1589709
인천시 노인일자리 발굴 TF 구성… 월 2회 논의의 장 연다,http://www.kihoilbo.co.kr/news/articleView.html?idxno=993587
"청도농협, 노인복지기금 1000만원 청도군에 전달",http://www.kyongbuk.co.kr/news/articleView.html?idxno=2110093
[속보]노인수용시설 '표적방역' 효과 의문,https://www.ccdailynews.com/news/articleView.html?idxno=2150081
"LH, 독거노인 위한 ‘어르신 생활돌봄서비스’ 시범사업 추진",https://www.cnbnews.com/news/article.html?no=560818
"순천시, 3개 노인복지관 '톡톡 튀는 프로그램 즐거운 경쟁'",http://www.newsworker.co.kr/news/articleView.html?idxno=170371
"우정교육문화재단, 외국인 유학생 85명에게 장학금 지급",https://www.businessplus.kr/news/articleView.html?idxno=36581
"군산시, '찾아가는 어르신 온라인 실생활 교육사업'운영",http://www.domin.co.kr/news/articleView.html?idxno=1393649
"인천사서원, 50+ 예비노인세대 오피스 가드너 2급 자격 과정 모집",https://www.dnews.co.kr/uhtml/view.jsp?idxno=202208240935332550249
"서울 서대문구, ‘찾아가는 인권 교육’ 진행",http://www.skyedaily.com/news/news_view.html?ID=165231
"광양노인복지관, 웰다잉 인식교육 진행",http://www.metroseoul.co.kr/article/20220824500204
창원의창노인복지관 '나이야가라 치매예방교실' 운영,http://www.gnnews.co.kr/news/articleView.html?idxno=508043
"에어프로덕츠코리아(주), 평택북부노인복지관 어르신들을 위한 후원금 전달",https://www.siminilbo.co.kr/news/newsview.php?ncode=1160293036293841
"대전 동구 판암1동, 노인사회활동지원사업 참여자 안전·소양 교육",http://www.dtnews24.com/news/articleView.html?idxno=730659
"광주시교육청, 2022년 상반기 교육부 적극행정 우수사례 경진대회 장려상 수상",http://www.startuptoday.co.kr/news/articleView.html?idxno=109516
경기도노인일자리지원센터 '2022년 경기도 참좋은상품' 안내서 제작 배포,http://www.incheonilbo.com/news/articleView.html?idxno=1159443
"포토-박근생 합천교육장, 합천군노인회 방문",http://www.gndomin.com/news/articleView.html?idxno=327097
증가하는 '고령운전자' 사고.. 손 놓은 대책,http://www.jmbc.co.kr/news/view/26842
"안성시 대덕면지역사회보장협의체, ‘노인이해와 미술테라피 자격과정’ 수료...",https://www.siminilbo.co.kr/news/newsview.php?ncode=1160286641019909
"안양시, 치매 가족에 응급처치 ·소방안전 교육 실시",http://www.kihoilbo.co.kr/news/articleView.html?idxno=993429
"화웨이, '테크포올 교육 글로벌 온라인 서밋'에서 교육 ICT 역할 강조",http://www.m-i.kr/news/articleView.html?idxno=943282
"진천군, 신중년 맞춤형 건강교육 프로그램 '호응'",https://www.gukjenews.com/news/articleView.html?idxno=2531174
"사천시보건소, 찾아가는 허약노인 통합건강관리사업 운영",http://www.shinailbo.co.kr/news/articleView.html?idxno=1591204
노인데이케어센터 찾은 송두환 인권위원장 “노인 인권 보장 위해 노력”,http://www.edaily.co.kr/news/newspath.asp?newsid=02860166632428960
"[주간팩트체크] '노인일자리는 세금낭비?', '론스타에 95% 승소?', '광화문에...",http://www.newstof.com/news/articleView.html?idxno=12777
"합천군, 여성결혼이민자 정착 역량 강화 교육 실시",https://www.siminilbo.co.kr/news/newsview.php?ncode=1160272815577293
"태안군, 치매환자 '공공후견인' 양성교육 '호응'",http://www.ggilbo.com/news/articleView.html?idxno=929214
"경북 ‘봉화 안전지킴이’ 동아리 회원들, 관내 경로당 돌며 생활안전 교육으...",https://www.viva100.com/main/view.php?key=20220819010004756
"서귀포시, 홀로사는 노인 실태조사 추진 ",http://www.headlinejeju.co.kr/news/articleView.html?idxno=494470
"[우리 지회 자랑 172 ] 대한노인회 대전 유성구지회 ""회원 대비 노인일자리 참...",http://www.100ssd.co.kr/news/articleView.html?idxno=90262
"서울시립중랑노인종합복지관, 시니어 스마트폰 활용 교육",http://www.breaknews.com/918757
"화성시, 행복마을지킴이 대상 역량강화 교육 실시",http://www.kmaeil.com/news/articleView.html?idxno=363060
"인천시 동구, 민·관·학 협력 ‘시니어 정보화 건강 드론 교육’ 수료식 개최",https://www.siminilbo.co.kr/news/newsview.php?ncode=1160282232214760
"병원약학분과협의회, ‘제2차 영양약료 심화교육’ 개최",http://www.yakup.com/news/index.html?mode=view&cat=13&nid=272514
수도권 임대주택 독거노인에 '어르신 생활돌봄서비스',http://www.naeil.com/news_view/?id_art=433253
가을산 타다 심정지 '날벼락'…심폐소생술 '이렇게',http://www.newsis.com/view/?id=NISX20220914_0002012828&cID=10201&pID=10200
[23일 화성시 소식] 행복마을관리소 역량강화 교육 실시 등,https://www.asiatime.co.kr/article/20220823500158
"안양 만안치매안심센터, 치매 환자·돌봄 가족에 맞춤형 안전 교육 실시",http://www.enewstoday.co.kr/news/articleView.html?idxno=1594009
"책이밥, 소외된 사람들의 인생스토리를 담아주는 구술생애사 교육 제공",http://www.lecturernews.com/news/articleView.html?idxno=104865
"영천시, 읍·면·동 경로당 회계관리 교육 실시",http://www.shinailbo.co.kr/news/articleView.html?idxno=1593660
"인천시, 고령화 시대 맞아 어르신 맞춤형 교통안전교육 시범 실시",http://www.boannews.com/media/view.asp?idx=109511&kind=
"진천군노인복지관, 웰다잉 프로그램 '호응'",http://www.jbnews.com/news/articleView.html?idxno=1368880
"동해여성새로일하기센터, '실버케어 사회복지 행정실무원 양성' 과정 직업교육...",https://www.ajunews.com/view/20220831144755106
"청주시, 내년 시민참여예산 우선 선정 온라인 투표",http://www.newsis.com/view/?id=NISX20220915_0002014007&cID=10899&pID=10800
청운대 '제3회 고령친화산업 혁신발전 전략 교육' 진행,http://www.veritas-a.com/news/articleView.html?idxno=426760
"대한노인회 강원 양양군지회, 2022년 디지털역량강화교육으로 키오스크 사용교...",http://www.100ssd.co.kr/news/articleView.html?idxno=90339
"인천시 미추홀구, 노인맞춤돌봄서비스 수행 법인 및 기관 공개모집",https://www.siminilbo.co.kr/news/newsview.php?ncode=1160281589715621
"전북은행, 군산노인종합복지관에 'JB어르신 문화쉼터 제8호' 오픈",http://www.jeonmin.co.kr/news/articleView.html?idxno=362047
"춘천남부노인복지관, 하반기 프로그램 36개 과목 개강",http://www.shinailbo.co.kr/news/articleView.html?idxno=1590098
"병원약학교육연구원, 20일 영양약료 온라인 심화교육",http://www.dailypharm.com/Users/News/NewsView.html?ID=291020&REFERER=NP
"K-water 아라뱃길지사, 노인일자리 참여 어르신 대상 혹서기 안전교육 실시",http://www.kihoilbo.co.kr/news/articleView.html?idxno=992615
"""교육변화의 힘은 기술""…화웨이,혁신교육 촉진 위한 ICT 역할 강조",https://www.ddaily.co.kr/news/article.html?no=244789
"유등노인복지관, 노인맞춤돌봄서비스 '조물락, 식도락' 제육볶음만들기",http://daily.hankooki.com/news/articleView.html?idxno=863084
"유등노인복지관, 노인맞춤돌봄서비스 '조물락, 식도락' 제육볶음만들기",http://daily.hankooki.com/news/articleView.html?idxno=863084
대한노인회 천안시지회-나은필병원 진료협약,https://www.cctoday.co.kr/news/articleView.html?idxno=2167137
경복대 치위생학과 동아리 '예치랑' 요양시설서 구강관리 교육,http://www.kihoilbo.co.kr/news/articleView.html?idxno=992447
"서귀포시, 홀로 사는 노인 실태조사 추진",http://www.newsjeju.net/news/articleView.html?idxno=381320
"K-water 영주댐지사, 2022 영주호 노인일자리 사업 발대식 개최",http://www.kyongbuk.co.kr/news/articleView.html?idxno=2111035
"부안소방서, 재난취약대상 심폐소생술 등 안전교육",http://www.jeollailbo.com/news/articleView.html?idxno=665233
"대구시 동구청, 노인 급식도우미 90명 대상 안전교육 실시",https://www.gukjenews.com/news/articleView.html?idxno=2532347
"청도군, 요양보호사 양성 교육과정 수료식",http://www.hidomin.com/news/articleView.html?idxno=492539
병원약학분과협의회 '제2차 영양약료 심화교육' 20일 개최,https://www.kpanews.co.kr/article/show.asp?idx=235636&category=F
"진천군, 신중년 맞춤형 건강교육 프로그램 '호응'",https://www.inews365.com/news/article.html?no=727851
"진천군, 신중년 맞춤형 건강교육 프로그램 '호응'",https://www.inews365.com/news/article.html?no=727851
"합천군, 다문화 자녀 일본어 교육 개강",https://www.siminilbo.co.kr/news/newsview.php?ncode=1160287843736014
"[동네방네] 빛고을노인건강타운, 노후설계 호응",http://www.mdilbo.com/detail/MQNmVO/676825
"[포토] 노인이 행복한 단양, 젊은이도 행복하다",https://www.gukjenews.com/news/articleView.html?idxno=2535094
화성시 ′행복마을 지킴이′ 역량강화 교육,http://www.incheonilbo.com/news/articleView.html?idxno=1158259
달성군 노인대학 개강...9개 읍・면 순회교육,https://news.bbsi.co.kr/news/articleView.html?idxno=3078118
"【박성태 직론직설】 내년 예산 배정 1, 2순위 부처 수장 공백 어쩌나, 특히 ...",https://www.sisa-news.com/news/article.html?no=210697
세 살배기 아빠 맘으로 교육·안전 1순위,http://www.kihoilbo.co.kr/news/articleView.html?idxno=992862
"""시민 가까이서 양질의 서비스 제공""… 화성시, 행복마을관리소 역량강화 교육...",http://www.joongboo.com/news/articleView.html?idxno=363555067
2022 강원도노인복지관대회 태백서 성황리에 열려,http://www.kwnews.co.kr/page/view/2022081817434723741
"청주시, 16~27일 내년도 시민참여예산 제안사업 선정 온라인 투표",https://www.news1.kr/articles/4803240
"예산군, 찾아가는 안전취약계층 맞춤형 교육 실시",https://www.ccdailynews.com/news/articleView.html?idxno=2148858
"[ESG 가치실천] 부영그룹 우정교육문화재단, 33개국 외국인 유학생 85명에 장...",https://www.jeonmae.co.kr/news/articleView.html?idxno=910644
"정기영 충북청 교통계장 ""어린이·노인 보호구역 확대…교통약자 살핀다""",https://news.bbsi.co.kr/news/articleView.html?idxno=3078756
"남부소방서, 119응급처치 집중 홍보기간 운영",http://www.namdonews.com/news/articleView.html?idxno=695419
"전북사회서비스원, '세대 간의 선물' 인문학 아카데미 운영",https://www.news1.kr/articles/4803208
"단양군, 9988행복지키미 참여자 교육 진행",http://www.breaknews.com/918677
"광주 남부소방, 119응급처치 집중 홍보기간 운영",https://view.asiae.co.kr/article/2022091515235513733
"청도군, 요양보호사 양성 교육과정 수료식",https://www.gokorea.kr/news/articleView.html?idxno=729874
"대한노인회 서울 금천구지회, 김용술 구의회 의장이 내방해 임원과 간담회",http://www.100ssd.co.kr/news/articleView.html?idxno=90504
"대한노인회 고창군지회, 노인사회활동지원사업 참여자 소양교육",https://www.jjan.kr/article/20220823580016
"대한노인회 충북 충주시지회, 9988행복지키미 팀장 활동 교육 실시",http://www.100ssd.co.kr/news/articleView.html?idxno=90404
"청주 청원구, 2022년 하반기 노인대학 4곳 개강",http://www.dynews.co.kr/news/articleView.html?idxno=670403
"대한노인회 강원 평창군지회, 2022년 노인지도자 연찬회 개최",http://www.100ssd.co.kr/news/articleView.html?idxno=90410
[화성소식] 전 직원 청렴교육·학교 급식에 저탄소 농축산물 인증 마늘 공급·...,http://www.newsworks.co.kr/news/articleView.html?idxno=606973
"완주군 저소득 노인, 의치보철 무료 지원",http://www.jeollailbo.com/news/articleView.html?idxno=665370
"화성시, 행복마을관리소 역량강화 교육 실시",http://www.shinailbo.co.kr/news/articleView.html?idxno=1590070
"LH, '어르신 생활돌봄서비스' 시범사업 추진..한국노인인력개발원과 MOU",http://kpenews.com/View.aspx?No=2506505
"대구중부소방서, ‘119응급처치 집중 홍보 기간’ 운영",http://fpn119.co.kr/183967
명지전문대학 평생교육원 ‘노래지도자 아카데미’ 재 개강,http://www.breaknews.com/918473
명지전문대학 평생교육원 ‘노래지도자 아카데미’ 재 개강,http://www.breaknews.com/918473
"합천군, 관내 다문화자녀 대상 일본어 교육 진행",http://www.metroseoul.co.kr/article/20220829500513
"울산광역시동구노인복지관, '2022년 하반기 평생교육 및 취미여가프로그램 개...",http://www.ksilbo.co.kr/news/articleView.html?idxno=945242
디지털에 빼앗긴 인간관계와 자연교육,http://www.idomin.com/news/articleView.html?idxno=802443
"천안시, 노인 교통사고 막는다…안전 대책 강화",http://www.goodmorningcc.com/news/articleView.html?idxno=274726
"마포, 노인종합복지관과 노후생활 도모 협약식 체결",https://www.kpanews.co.kr/article/show.asp?idx=235818&category=A
"합천군보건소장, 동부노인대학에서 “깜짝 특강” 실시",https://www.siminilbo.co.kr/news/newsview.php?ncode=1160288405732070
"식생활교육제천네트워크, 제천시노인종합복지관 ‘로컬푸드 농산물 나눔행사’...",http://www.breaknews.com/916748
"광주시 자살예방센터, 생명지킴이 양성 교육 및 우울 극복 프로그램 다음달부...",http://www.incheonilbo.com/news/articleView.html?idxno=1158896
"상주 청리면, 노인학대 사전예방교육 실시",http://www.ksmnews.co.kr/default/index_view_page.php?idx=390566&part_idx=289
"평택소방서, 119응급처치 집중 홍보 기간 운영",http://www.joongboo.com/news/articleView.html?idxno=363558133
"대한노인회 경기 고양시 일산서구지회, 2022년 스쿨존학교지원봉사 참여자 소...",http://www.100ssd.co.kr/news/articleView.html?idxno=90114
"울진군 울진읍, 노인일자리사업 혹서기 안전교육 실시",http://www.nspna.com/news/?mode=view&newsid=587618
발달장애인 5명 아픈 노인 돌보는 요양보호사 됐다,http://www.idomin.com/news/articleView.html?idxno=803156
"예산소방서, 노인 소방안전교육 실시",https://www.ccdailynews.com/news/articleView.html?idxno=2148703
햄버거 주문은 이렇게…울산시 노인 대상 디지털 교육,http://news.mk.co.kr/newsRead.php?no=727074&year=2022
"""영화로, 노인인권 강연으로"" 서대문구, 찾아가는 인권 교육",http://www.shinailbo.co.kr/news/articleView.html?idxno=1589978
"창원 성산소방, 응급처치 집중홍보기간 운영",http://www.newsgn.com/333939
"“취약계층 촘촘하고 두텁게 보호”…복지부, 장애인‧아동‧노인 맞춤 지원 ...",https://mdtoday.co.kr/news/view/1065602608921972
"화웨이, 혁신적인 교육 촉진 위한 ICT 역할 강조",http://www.koit.co.kr/news/articleView.html?idxno=101443
"예산군, 찾아가는 안전취약계층 맞춤형 교육 실시",http://www.chungnamilbo.co.kr/news/articleView.html?idxno=674840
"완주군 저소득 노인, 의치보철 무료 지원",http://www.jeonmin.co.kr/news/articleView.html?idxno=362019
"울진읍, 노인일자리사업 혹서기 안전교육 실시",http://www.kbsm.net/news/view.php?idx=360097
"청주내덕노인복지관, 9988행복지키미 안전교육 실시",http://www.dynews.co.kr/news/articleView.html?idxno=669357
"태안노인복지관, ‘노인 구강 건강관리교육’ 실시",http://www.joongdo.co.kr/web/view.php?key=20220814010003756
"대한노인회 전남 광양시지회, 남성어르신을 위한 요리교실 진행",http://www.100ssd.co.kr/news/articleView.html?idxno=90421
"의정부노인종합복지관, 건강한 여름나기 ‘여름김치와 함께라면’ 진행",https://www.dnews.co.kr/uhtml/view.jsp?idxno=202208241558048850492
"인제군 치매안심센터, 노인 돌봄서비스 종사자 치매 교육",http://www.enewstoday.co.kr/news/articleView.html?idxno=1591285
"울진군노인복지관, 하반기 교육프로그램 수강생 모집",http://www.cfnews.kr/news.aspx/63117
[동정] 최재훈 대구 달성군수 '노인대학 순회교육' 참석,http://www.inews24.com/view/1510951
"동두천시 중앙동, '2023년 마을복지계획 수립' 교육 진행",http://www.shinailbo.co.kr/news/articleView.html?idxno=1591077
"울진군 울진읍, 노인일자리사업 혹서기 안전교육 실시",http://www.cfnews.kr/news.aspx/62899
"부안군, 치유농업분야 노인치유 자격증 교육 호응",https://www.ibuan.com/news/articleView.html?idxno=37977
울산 중구노인복지관-고혈압·당뇨병 등록·교육센터 협약,http://www.ujeil.com/news/articleView.html?idxno=311343
부안군농업기술센터 농촌체험농장주를 대상으로 노인치유 자격증 교육,http://www.domin.co.kr/news/articleView.html?idxno=1392403
"일산서부署, 찾아가는 노인 교통안전 교육",https://www.siminilbo.co.kr/news/newsview.php?ncode=1160277587051073
"진안군복합노인복지타운 노인복지관, 스마트폰교육 진행",http://www.sportsseoul.com/news/read/1150131?ref=naver
"본죽, 어르신 대상 혹서기 지원부터 정기교육 죽 기부까지 나눔활동 펼쳐",http://moneys.mt.co.kr/news/mwView.php?no=2022081809270329005
"포천 청소년들, 지역 노인에게 키오스크 사용법 교육",http://www.edaily.co.kr/news/newspath.asp?newsid=02745366632426664
"의창소방서, 창원시니어클럽 대상 여름철 노인안전교육",http://www.gndomin.com/news/articleView.html?idxno=323736
"포천 청소년들, 지역 노인에게 키오스크 사용법 교육",http://www.edaily.co.kr/news/newspath.asp?newsid=02745366632426664
"의창소방서, 창원시니어클럽 대상 여름철 노인안전교육",http://www.gndomin.com/news/articleView.html?idxno=323736
대구 중구노인복지관서 미디어 교육프로그램 진행,http://www.dkilbo.com/news/articleView.html?idxno=373181
[교육칼럼-81] 박주정 광주광역시 서부교육지원청 교육장,https://news.bbsi.co.kr/news/articleView.html?idxno=3078411
"함양경찰서, 찾아가는 노인 교통안전교육",http://www.gnnews.co.kr/news/articleView.html?idxno=507296
"김제 신풍동, 노인일자리 참여자 안전교육",http://sjbnews.com/news/news.php?number=753841
"괴산군 노인복지관, 노인일자리 참여자 대상 교육 진행",http://www.breaknews.com/915295
"광양 금호동, 노인일자리 사업 참여자 안전교육",http://www.nspna.com/news/?mode=view&newsid=586780
[백세시대 특별기고2] 대한노인회 '평생교육원 설립'은 명분도 실익도 없다,http://www.100ssd.co.kr/news/articleView.html?idxno=89901
"성남문화재단, 노인문화예술교육 협력",http://news.heraldcorp.com/view.php?ud=20220810000556
"광양 금호동, 노인일자리 사업 참여자 안전교육",http://www.nspna.com/news/?mode=view&newsid=586780
노인일자리 참여자 120명 대상 교육,http://www.daejonilbo.com/news/articleView.html?idxno=2017895
[백세시대 특별기고2] 대한노인회 '평생교육원 설립'은 명분도 실익도 없다,http://www.100ssd.co.kr/news/articleView.html?idxno=89901
"성남문화재단, 노인문화예술교육 협력",http://news.heraldcorp.com/view.php?ud=20220810000556
"MKYU 디지털튜터협회, 홀몸 노인 대상 스마트폰 교육 봉사 실시",https://www.sisamagazine.co.kr/news/articleView.html?idxno=458516
"의창소방서, 창원시니어클럽서 여름철 노인 안전교육",http://www.knnews.co.kr/news/articleView.php?idxno=1383476
"홍성소방서, 어르신 위한 맞춤형 소방안전교육 실시",http://www.joongdo.co.kr/web/view.php?key=20220822010006036
"대한노인회 경기 수원시 팔달구지회, 경로당 회장 역량강화 교육 실시",http://www.100ssd.co.kr/news/articleView.html?idxno=89817
양산 평산동 노인일자리 현장 안전교육 실시,http://www.gndomin.com/news/articleView.html?idxno=323696
"대한노인회 광주 북구지회, 노인일자리 참여자 3차 안전 및 소양교육 실시",http://www.100ssd.co.kr/news/articleView.html?idxno=89833
"홍성소방서, 어르신 위한 맞춤형 소방안전교육 실시",http://www.joongdo.co.kr/web/view.php?key=20220822010006036
"대한노인회 경기 수원시 팔달구지회, 경로당 회장 역량강화 교육 실시",http://www.100ssd.co.kr/news/articleView.html?idxno=89817
양산 평산동 노인일자리 현장 안전교육 실시,http://www.gndomin.com/news/articleView.html?idxno=323696
"대한노인회 광주 북구지회, 노인일자리 참여자 3차 안전 및 소양교육 실시",http://www.100ssd.co.kr/news/articleView.html?idxno=89833
"최재훈 달성군수, 달성군 노인대학 순회 교육",http://www.ksmnews.co.kr/default/index_view_page.php?idx=390797&part_idx=340
"80세 만학도 김송고씨 ""노인 '삶' 질 개선 위한 학업·봉사활동 이어갈 것""",https://ilyo.co.kr/?ac=article_view&entry_id=434862
"대한노인회 부산 수영구지회, 혹서기 노인일자리 참여자 교육 실시",http://www.100ssd.co.kr/news/articleView.html?idxno=89914
"청운대,‘제3회 고령친화산업 혁신발전 전략 교육’ 진행",https://www.dnews.co.kr/uhtml/view.jsp?idxno=202208251012450490644
"평택소방서, 119응급처치 집중 홍보 기간 운영",https://www.siminilbo.co.kr/news/newsview.php?ncode=1160288050946259
화웨이 '테크포올 교육 글로벌 온라인 서밋' 개최…교육 혁신 위한 ICT 역할 ...,https://www.techm.kr/news/articleView.html?idxno=100614
"전북은행, 군산노인종합복지관에 'JB어르신 문화쉼터 제8호' 오픈",http://www.jeollailbo.com/news/articleView.html?idxno=665411
"서울강서소방서, 노인복지시설서 소방안전교육",http://fpn119.co.kr/182307
"부영그룹 우정교육문화재단, 33개국 85명 외국인 유학생 장학금 지급",http://www.babytimes.co.kr/news/articleView.html?idxno=60028
"[오늘의 주요일정] 충북·세종(16일, 금)",https://www.news1.kr/articles/4803757
양산 양주동 폭염 대비 노인일자리 교육 실시,http://www.gndomin.com/news/articleView.html?idxno=323390
마산소방서 노인관련시설 소방안전교육 실시,http://www.gndomin.com/news/articleView.html?idxno=323313
"전북노인복지관, 일자리 참여 어르신 대상 혹서기 안전교육 실시",http://www.100ssd.co.kr/news/articleView.html?idxno=89823
"유등노인복지관, 노인맞춤돌봄서비스 건강교육 '치매예방체조의 날' 진행",http://daily.hankooki.com/news/articleView.html?idxno=857475
"부안 하서면, 노인사회활동지원사업 참여자 안전·건강교육 실시",http://www.jeollailbo.com/news/articleView.html?idxno=665232
"고양시 대화노인종합복지관, 취약계층 생활형 디지털 교육 추진…""키오스크 사...",http://www.joongboo.com/news/articleView.html?idxno=363554882
"관악구, '전국 최초' 전동휠체어‧스쿠터 안전교육 운영",https://www.jeonmae.co.kr/news/articleView.html?idxno=911487
"서울시립중랑노인종합복지관, 문화예술교육 지원사업 “스마트폰 사진반” 사...",http://www.breaknews.com/915117
2023년 시민참여예산 제안사업 선정 '온라인 투표',https://www.gukjenews.com/news/articleView.html?idxno=2550588
"광주시, 노인 찾아가는 의약품 오·남용예방 교육",https://www.siminilbo.co.kr/news/newsview.php?ncode=1160287822936485
바닷가 실버타운서 소설 쓰는 변호사의 '묵호일기',http://weekly.chosun.com/news/articleView.html?idxno=22075
"경산 남부동, 노인일자리 참여자 안전교육",http://www.dkilbo.com/news/articleView.html?idxno=372898
"낙농진흥회, '젖소교감 치유프로그램' 양성 교육",http://www.youngnong.co.kr/news/articleView.html?idxno=39658
디지털 격차 해소 위해 교육 프로그램 외 시스템 간소화 필요,http://www.skyedaily.com/news/news_view.html?ID=164503
"구리시, 2022년 노인일자리사업 참여자 소양교육 실시",http://www.breaknews.com/914407
금산시니어클럽 노인 소방안전교육,http://www.daejonilbo.com/news/articleView.html?idxno=2018185
"KB국민은행-광교노인복지관, 고령자 금융사기 예방 교육 실시",https://www.dnews.co.kr/uhtml/view.jsp?idxno=202208051319018620274
"경산시 남부동, 노인일자리사업 보건안전교육 진행",http://www.kbsm.net/news/view.php?idx=359357
"충북교육청, 공무원 동아리 충사단 봉사활동 눈길",http://www.newstnt.com/news/articleView.html?idxno=223535
"춘천북부노인복지관, 하반기 평생교육 접수",http://www.kwnews.co.kr/page/view/2022081114344647538
"익산소방서, 노인일자리 참여자 어르신들 대상 소방안전교육",http://www.jeollailbo.com/news/articleView.html?idxno=665140
"군위군, 노인 일자리사업 참여자 소양교육 시행",http://www.kyongbuk.co.kr/news/articleView.html?idxno=2108934
"군위군, 노인일자리사업 참여자 소양교육 외 [군위소식]",http://www.kukinews.com/newsView/kuk202208040014
"군위군, 노인일자리사업 참여자 소양교육",http://www.breaknews.com/913986
"시립중랑노인종합복지관, 중랑구 보건소-약사회 연계 경로당 ‘의약품안전교육...",http://www.breaknews.com/918414
"대한노인회 강원 홍천군지회, 문화예술 '기반조성 지원사업' 특강 진행",http://www.100ssd.co.kr/news/articleView.html?idxno=90309
[영광소식]영광군 '찾아가는 주소이전 서비스' 연중 운영 등,http://www.newsis.com/view/?id=NISX20220914_0002012495&cID=10809&pID=10800
합천군노인회 행복한 경로당 만들기 교육 실시,http://www.gndomin.com/news/articleView.html?idxno=322916
"구리시, '2022년 노인일자리사업 참여자' 소양교육 실시",https://www.cnbnews.com/news/article.html?no=558576
"강동구, 교육로봇 '리쿠'와 노인이 함께 하는 디지털교육",http://www.welfarenews.net/news/articleView.html?idxno=84610
괴산군 노인일자리 안전 교육,http://www.cctimes.kr/news/articleView.html?idxno=715952
진주시 초장동 노인 폭염대비 안전교육,http://www.gnnews.co.kr/news/articleView.html?idxno=506783
영암군 ‘노인치매예방 인지 활동 교육’ 실시,https://view.asiae.co.kr/article/2022080814005922548
"울산 중구 학성동 행정복지센터, 노인일자리 및 사회활동지원사업 참여 노인 ...",http://www.ksilbo.co.kr/news/articleView.html?idxno=943298
"광양제철소, 독거노인 마음이음 사업 발대...공감형 봉사 시금석",http://www.metroseoul.co.kr/article/20220830500165
"인천시장애인노인회, 제2대 회장에 이창호 선임",http://www.kyeongin.com/main/view.php?key=20220823010004030
"인천시장애인노인회, 제2대 회장에 이창호 선임",http://www.kyeongin.com/main/view.php?key=20220823010004030
진주 초장동 노인일자리 참여자 안전교육,http://www.gndomin.com/news/articleView.html?idxno=322706
"[액티브 시니어] 대한노인회 강동구지회, 경로당 회장 등 250명 교육",https://www.viva100.com/main/view.php?key=20220805010000862
"춘천북부노인복지관, 하반기 평생교육 수강생 모집",http://www.kwnews.co.kr/page/view/2022080712403715949
"청도군, 노인맞춤돌봄서비스 생활지원사 교육 실시",http://www.dkilbo.com/news/articleView.html?idxno=372472
"교종, ""노인과 젊은이가 연합한다면 인류를 구할 것"" 외(8월 16-17일)",http://www.catholicnews.co.kr/news/articleView.html?idxno=32640
"거제소방서, 노인일자리사업 대상 소방안전교육",http://fpn119.co.kr/181663
"남부소방서, 응급처치 집중 홍보 기간 운영",http://www.jndn.com/article.php?aid=1663234322344816011
"순창군, 독거노인 온열질환 예방 교육·홍보 실시",https://www.wikitree.co.kr/articles/777852
"대한노인회 경기 광주시지회, 2022년 경로당 회장 핵심지도자 교육 수료",http://www.100ssd.co.kr/news/articleView.html?idxno=89604
