title,target,period
[2022년 하반기 성인인문학] 삶의 쉼표가 되는 옛 그림,대상 : 청소년 이상,프로그램 기간 : 2022.09.15 ~ 2022.10.06
"이금이 작가와의 만남 - 페르마타, 이탈리아 (Fermata, Italia)",대상 : 청소년 이상,프로그램 기간 : 2022.06.11 ~ 2022.06.11
문화가 있는 날 인문학북콘서트 <인지하지 못했던 사사로운 것들> 2회차 ,대상 : 누구나,프로그램 기간 : 2022.04.30 ~ 2022.04.30
먹고 입고 살아가는 이야기 세계사,대상 : 청소년 이상,프로그램 기간 : 2022.04.21 ~ 2022.06.02
문화가 있는 날 인문학북콘서트 <인지하지 못했던 사사로운 것들> 1회차,대상 : 누구나,프로그램 기간 : 2022.04.02 ~ 2022.04.02
너와 나의 메타버스,대상 : 청소년 이상,프로그램 기간 : 2022.02.19 ~ 2022.02.19
"[인문학북콘서트] <인지하지 못했던 사사로운 것들> 제3회 오늘, 다시 마주한 우리의 이야기",대상 : 성인,프로그램 기간 : 2021.10.12 ~ 2021.10.12
[인문학북콘서트] <인지하지 못했던 사사로운 것들> 제2회 경계를 넘어 : 과학과 예술 ,대상 : 14세이상,프로그램 기간 : 2021.10.05 ~ 2021.10.05
[인문학북콘서트] <인지하지 못했던 사사로운 것들> 제1회 보편적인 청춘의 문장,대상 : 성인,프로그램 기간 : 2021.08.31 ~ 2021.08.31
애덤 스미스 국부론(노원정보도서관 성인인문학 경제고전 함께 읽기),대상 : 전체이용자,프로그램 기간 : 2021.04.08 ~ 2021.04.29
"[도.도.야][개관기념] 개관 15주년 행사 ""그래도, 도서관은 계속된다!""",대상 : 전체이용자,프로그램 기간 : 2021.02.20 ~ 2021.02.20
"[도.도.야][개관기념] ""별이 빛나는 밤에"" 반 고흐 전시",대상 : 전체이용자,프로그램 기간 : 2021.02.03 ~ 2021.02.25
1.17(일) 1차수령(11-14시) 안심도서대출서비스,대상 : 전체이용자,프로그램 기간 : 2021.01.17 ~ 2021.01.17
"1.17(일) 2,3차수령(15-18시) 안심도서대출서비스",대상 : 전체이용자,프로그램 기간 : 2021.01.17 ~ 2021.01.17
1.16(토) 1차수령(11-14시) 안심도서대출서비스,대상 : 전체이용자,프로그램 기간 : 2021.01.16 ~ 2021.01.16
"1.16(토) 2,3차수령(15-18시) 안심도서대출서비스",대상 : 전체이용자,프로그램 기간 : 2021.01.16 ~ 2021.01.16
1.15(금) 1차수령(11-14시) 안심도서대출서비스,대상 : 전체이용자,프로그램 기간 : 2021.01.15 ~ 2021.01.15
"1.15(금) 2,3차수령(15-18시) 안심도서대출서비스",대상 : 전체이용자,프로그램 기간 : 2021.01.15 ~ 2021.01.15
1.14(목) 1차수령(11-14시) 안심도서대출서비스,대상 : 전체이용자,프로그램 기간 : 2021.01.14 ~ 2021.01.14
"1.14(목) 2,3차수령(15-18시) 안심도서대출서비스",대상 : 전체이용자,프로그램 기간 : 2021.01.14 ~ 2021.01.14
1.13(수) 1차수령(11-14시) 안심도서대출서비스,대상 : 전체이용자,프로그램 기간 : 2021.01.13 ~ 2021.01.13
"1.13(수) 2,3차수령(15-18시) 안심도서대출서비스",대상 : 전체이용자,프로그램 기간 : 2021.01.13 ~ 2021.01.13
1.12(화) 1차수령(11-14시) 안심도서대출서비스,대상 : 전체이용자,프로그램 기간 : 2021.01.12 ~ 2021.01.12
"1.12(화) 2,3차수령(15-18시) 안심도서대출서비스",대상 : 전체이용자,프로그램 기간 : 2021.01.12 ~ 2021.01.12
"1.10(일) 2,3차수령(15-18시) 안심도서대출서비스",대상 : 전체이용자,프로그램 기간 : 2021.01.10 ~ 2021.01.10
1.9(토) 1차수령(11-14시) 안심도서대출서비스,대상 : 전체이용자,프로그램 기간 : 2021.01.09 ~ 2021.01.09
"1.9(토) 2,3차수령(15-18시) 안심도서대출서비스",대상 : 전체이용자,프로그램 기간 : 2021.01.09 ~ 2021.01.09
1.8(금) 1차수령(11-14시) 안심도서대출서비스,대상 : 전체이용자,프로그램 기간 : 2021.01.08 ~ 2021.01.08
"1.8(금) 2,3차수령(15-18시) 안심도서대출서비스",대상 : 전체이용자,프로그램 기간 : 2021.01.08 ~ 2021.01.08
1.7(목) 1차수령(11-14시) 안심도서대출서비스,대상 : 전체이용자,프로그램 기간 : 2021.01.07 ~ 2021.01.07
"1.7(목) 2,3차수령(15-18시) 안심도서대출서비스",대상 : 전체이용자,프로그램 기간 : 2021.01.07 ~ 2021.01.07
1.6(수) 1차수령(11-14시) 안심도서대출서비스,대상 : 전체이용자,프로그램 기간 : 2021.01.06 ~ 2021.01.06
"1.6(수) 2,3차수령(15-18시) 안심도서대출서비스",대상 : 전체이용자,프로그램 기간 : 2021.01.06 ~ 2021.01.06
1.5(화) 1차수령(11-14시) 안심도서대출서비스,대상 : 전체이용자,프로그램 기간 : 2021.01.05 ~ 2021.01.05
"1.5(화) 2,3차수령(15-18시) 안심도서대출서비스",대상 : 전체이용자,프로그램 기간 : 2021.01.05 ~ 2021.01.05
1.3(일) 1차수령(11-14시) 안심도서대출서비스,대상 : 전체이용자,프로그램 기간 : 2021.01.03 ~ 2021.01.03
멸치국수 한 그릇: 작은 공간을 위한 낭독극,대상 : 15세 이상,프로그램 기간 : 2022.09.17 ~ 2022.09.17
"어르신들을 위한 스마트폰, 키오스크 활용교육",대상 : 어르신,프로그램 기간 : 2022.09.08 ~ 2022.09.29
(류한수 교수와 함께 하는)우크라이나-러시아 역사전쟁,대상 : 청소년 이상,프로그램 기간 : 2022.08.20 ~ 2022.08.20
"[7월] 애들아, 도서관에서 놀자",대상 : 초등학교 4~6학년 ,프로그램 기간 : 2022.07.25 ~ 2022.07.28
[5월 상주작가 미니북토크] 도서관과 작가가 만나면,대상 : 성인,프로그램 기간 : 2022.05.25 ~ 2022.05.25
[5월]야호! 책놀이,대상 : 유아6~7세,프로그램 기간 : 2022.05.12 ~ 2022.06.02
[5월] 상주작가 유혜율 특별소개전,대상 : 누구나,프로그램 기간 : 2022.05.01 ~ 2022.05.31
[4월] 도서관주간행사 <제1회 도서관 마스코트 선거>,대상 : 초등,프로그램 기간 : 2022.04.19 ~ 2022.04.23
나를 찾아줘 <상계도서관 개관10주년 & 도서관 주간 특별미션>,대상 : 누구나,프로그램 기간 : 2022.04.12 ~ 2022.04.16
[3월] 상계도서관 개관 10주년 기념 축하 메세지 보내기 이벤트,대상 : 누구나,프로그램 기간 : 2022.02.27 ~ 2022.02.27
[2월] 우와!한상상 그림책 원화 전시,대상 : 누구나,프로그램 기간 : 2022.01.26 ~ 2022.01.26
[1월] 상계Library 사진 전시,대상 : 누구나,프로그램 기간 : 2022.01.02 ~ 2022.01.29
[12월] 우와!한 상상 공간 개선 기념 행사(행사 시간 변경),대상 : 어린이 이상,프로그램 기간 : 2021.12.18 ~ 2021.12.18
[11월] 4차 북큐레이션 일상의 발견 : 김호연 작가 강연 안내,대상 : 성인,프로그램 기간 : 2021.11.10 ~ 2021.11.10
[11월] 이수현 작가와의 만남 - 슬기로운 캠핑생활,대상 : 성인,프로그램 기간 : 2021.11.06 ~ 2021.11.13
2021년 10월 야호!책놀이,대상 : 유아,프로그램 기간 : 2021.10.07 ~ 2021.11.25
[10월 마을협력프로그램] 2021 마을여행 길라잡이 프로그램 안내,대상 : 성인,프로그램 기간 : 2021.09.15 ~ 2021.09.15
[9월] 다문화 체험 교실,대상 : 초등,프로그램 기간 : 2021.09.10 ~ 2021.10.01
[9월] 노원구 한 책 읽기 작가와의 만남,대상 : 성인,프로그램 기간 : 2021.09.09 ~ 2021.09.09
"[9월] 유튜브로 보고, 듣고, 만드는 세상-없던 오늘",대상 : 성인,프로그램 기간 : 2021.09.02 ~ 2021.09.02
[8월] 당신의 가상화폐는 안녕하신가요???[비대면 강연 전환],대상 : 성인,프로그램 기간 : 2021.08.19 ~ 2021.08.19
[8월] 여름방학 노원독서교실-환경,대상 : 초등,프로그램 기간 : 2021.08.01 ~ 2021.08.31
2021년 6월 야호!책놀이,대상 : 유아 6-7세,프로그램 기간 : 2021.06.10 ~ 2021.06.24
"[2021.도서관 길위의 인문학] 인문학, 시대를 품다-포스트코로나와 4차산업혁명 시대",대상 : 청소년 및 성인,프로그램 기간 : 2021.05.27 ~ 2021.06.24
[5월] 어린이날 기념 풍선나눔 이벤트,대상 : 전체이용자,프로그램 기간 : 2021.05.04 ~ 2021.05.04
(네이버폼 신청)백신 바로알기 특강,대상 : 전체이용자,프로그램 기간 : 2021.02.17 ~ 2021.02.18
1.17(일) 1차수령(11-14시) 안심도서대출서비스,대상 : 전체이용자,프로그램 기간 : 2021.01.17 ~ 2021.01.17
"1.17(일) 2,3차수령(15-18시) 안심도서대출서비스 ",대상 : 전체이용자,프로그램 기간 : 2021.01.17 ~ 2021.01.17
1.16(토) 1차수령(11-14시) 안심도서대출서비스,대상 : 전체이용자,프로그램 기간 : 2021.01.16 ~ 2021.01.16
"1.16(토) 2,3차수령(15-18시) 안심도서대출서비스 ",대상 : 전체이용자,프로그램 기간 : 2021.01.16 ~ 2021.01.16
1.15(금) 1차수령(11-14시) 안심도서대출서비스 ,대상 : 전체이용자,프로그램 기간 : 2021.01.15 ~ 2021.01.15
"1.15(금) 2,3차수령(15-18시) 안심도서대출서비스 ",대상 : 전체이용자,프로그램 기간 : 2021.01.15 ~ 2021.01.15
1.14(목) 1차수령(11-14시) 안심도서대출서비스 ,대상 : 전체이용자,프로그램 기간 : 2021.01.14 ~ 2021.01.14
"1.14(목) 2,3차수령(15-18시) 안심도서대출서비스 ",대상 : 전체이용자,프로그램 기간 : 2021.01.14 ~ 2021.01.14
1.13(수) 1차수령(11-14시) 안심도서대출서비스 ,대상 : 전체이용자,프로그램 기간 : 2021.01.13 ~ 2021.01.13
"1.13(수) 2,3차수령(15-18시) 안심도서대출서비스 ",대상 : 전체이용자,프로그램 기간 : 2021.01.13 ~ 2021.01.13
"1.12(화) 2,3차수령(15-18시) 안심도서대출서비스",대상 : 전체이용자,프로그램 기간 : 2021.01.12 ~ 2021.01.12
1.10(일) 1차수령(11-14시) 안심도서대출서비스 ,대상 : 전체이용자,프로그램 기간 : 2021.01.10 ~ 2021.01.10
"1.10(일) 2,3차수령(15-18시) 안심도서대출서비스 ",대상 : 전체이용자,프로그램 기간 : 2021.01.10 ~ 2021.01.10
1.9(토) 1차수령(11-14시) 안심도서대출서비스 ,대상 : 전체이용자,프로그램 기간 : 2021.01.09 ~ 2021.01.09
"1.9(토) 2,3차수령(15-18시) 안심도서대출서비스 ",대상 : 전체이용자,프로그램 기간 : 2021.01.09 ~ 2021.01.09
1.8(금) 1차수령(11-14시) 안심도서대출서비스,대상 : 전체이용자,프로그램 기간 : 2021.01.08 ~ 2021.01.08
1.8(금) 2차수령(15-18시) 안심도서대출서비스,대상 : 전체이용자,프로그램 기간 : 2021.01.08 ~ 2021.01.08
1.7(목)1차수령(11-14시)안심도서대출서비스,대상 : 전체이용자,프로그램 기간 : 2021.01.07 ~ 2021.01.07
1.7(목) 2차수령(15-18시) 안심도서대출서비스 ,대상 : 전체이용자,프로그램 기간 : 2021.01.07 ~ 2021.01.07
1.6(수) 1차수령(11-14시) 안심도서대출서비스 ,대상 : 전체이용자,프로그램 기간 : 2021.01.06 ~ 2021.01.06
"1.6(수) 2,3차수령(15-18시) 안심도서대출서비스 ",대상 : 전체이용자,프로그램 기간 : 2021.01.06 ~ 2021.01.06
1.5(화) 1차수령(11-14시) 안심도서대출서비스 ,대상 : 전체이용자,프로그램 기간 : 2021.01.05 ~ 2021.01.05
1.3(일) 1차수령(11-14시) 안심도서대출서비스 ,대상 : 전체이용자,프로그램 기간 : 2021.01.03 ~ 2021.01.03
1.3(일) 2.3차수령(15-18시) 안심도서대출서비스 ,대상 : 전체이용자,프로그램 기간 : 2021.01.03 ~ 2021.01.03
2022년 북스타트 후속프로그램 책이랑아가랑 (북스타트  플러스 해당자),대상 : 19~21년생 돌 이후 유아와 양육자,프로그램 기간 : 2022.09.29 ~ 2022.09.29
영-롱! 반-짝! 나만의 자개 독서링,대상 : 초등 4-6학년,프로그램 기간 : 2022.09.18 ~ 2022.09.18
2022년 북스타트 후속프로그램 책이랑아가랑 (북스타트 해당자),대상 : 돌 이전 영아와 양육자,프로그램 기간 : 2022.09.15 ~ 2022.09.22
[9월] 월계도서관 자원봉사 사전교육,대상 : 중고등학생 및 성인,프로그램 기간 : 2022.09.06 ~ 2022.09.06
[2022 노원구 한 책 읽기] 채경화살롱 #1. 영화 <남매의 여름밤> GV,대상 : 누구나,프로그램 기간 : 2022.08.19 ~ 2022.08.19
(어르신을 위한) 처음 만나는 언택트시대,대상 : 어르신,프로그램 기간 : 2022.08.04 ~ 2022.08.27
[8월] 월계도서관 자원봉사 사전교육,대상 : 중고등학생 및 성인,프로그램 기간 : 2022.08.02 ~ 2022.08.02
「순례주택」 온라인 독서퀴즈대회(with 연세대학교 도서관희망원정대),대상 : 누구나,프로그램 기간 : 2022.07.27 ~ 2022.07.27
"지역 그림책 발간 기념 노원문화원과 함께하는 ""북콘서트""",대상 : 초등 1-3학년,프로그램 기간 : 2022.07.26 ~ 2022.07.26
[7월] 월계도서관 자원봉사 사전교육,대상 : 중고등학생 및 성인,프로그램 기간 : 2022.07.05 ~ 2022.07.05
2022 세계문화체험-캄보디아편,대상 : 초등,프로그램 기간 : 2022.06.26 ~ 2022.06.26
2022 세계문화체험-몽골편,대상 : 초등,프로그램 기간 : 2022.06.19 ~ 2022.06.19
[6월] 월계도서관 자원봉사 사전교육,대상 : 중고등학생 및 성인,프로그램 기간 : 2022.06.07 ~ 2022.06.07
[5월 가정의 달 행사] 요가패밀리,대상 : 어린이,프로그램 기간 : 2022.05.15 ~ 2022.05.15
[1차] RE:BIRTH 책_어린이,대상 : 어린이,프로그램 기간 : 2022.04.17 ~ 2022.04.17
[2차] RE:BIRTH 책_중학생 이상~,대상 : 중학생 이상~,프로그램 기간 : 2022.04.17 ~ 2022.04.17
우리들만의 선거『도서관 왕 뽑기』,대상 : 어린이~청소년,프로그램 기간 : 2022.03.10 ~ 2022.03.31
은은한 빛을 내는 전통 초롱등 만들기,대상 : 예비초등2-3학년,프로그램 기간 : 2022.01.26 ~ 2022.01.26
[개관기념행사] 빛과 모래로 떠나는 그림여행,대상 : 초등,프로그램 기간 : 2021.12.11 ~ 2021.12.11
"2021년 2차 어린이 책읽기 프로그램 ""책톡(그림책놀이터)"" ",대상 : 초등,프로그램 기간 : 2021.11.16 ~ 2021.11.25
여행작가와 함께 떠나는 온라인 여행,대상 : 성인,프로그램 기간 : 2021.11.10 ~ 2021.12.01
"2021년 1차 어린이 책읽기 프로그램 ""책톡(그림책놀이터)"" ",대상 : 초등,프로그램 기간 : 2021.11.02 ~ 2021.11.11
(어르신을 위한) 처음 만나는 언택트 시대,대상 : 어르신,프로그램 기간 : 2021.10.07 ~ 2021.11.25
2021년도 월계문화정보도서관 성인 인문학 <도서관 속 영화에세이>,대상 : 성인,프로그램 기간 : 2021.10.05 ~ 2021.11.23
"[노원한책] 다시, 환경 : 커피점토로 열쇠고리 만들기",대상 : 초등1-3학년,프로그램 기간 : 2021.09.15 ~ 2021.09.15
2021년 북스타트 후속프로그램 책이랑 아가랑 (북스타트 플러스 해당자),대상 : 성인,프로그램 기간 : 2021.09.10 ~ 2021.09.10
Do it! IoT,대상 : 초등 5학년 이상 청소년,프로그램 기간 : 2021.09.04 ~ 2021.10.30
2021년 북스타트 후속프로그램 책이랑 아가랑 (북스타트 해당자),대상 : 성인,프로그램 기간 : 2021.09.02 ~ 2021.09.09
[노원한책 ] 여름방학 독서캠프 : <라면을 먹으면 숲이 사라져> 최원형 작가와의 만남 / 환경을 생각하는 업사이클링,대상 : 초등고학년,프로그램 기간 : 2021.07.19 ~ 2021.07.19
"[노원한책] ""걷다 보면"" 이윤희 작가와의 만남 ",대상 : 초등 1-3,프로그램 기간 : 2021.06.30 ~ 2021.06.30
[초등4-6학년]방구석 세계속으로-베트남,대상 : 초등 4-6,프로그램 기간 : 2021.05.27 ~ 2021.05.27
3차[톡톡E 4차시] 원어민 선생님과 읽고 그리고(5/26),대상 : 초등3~청소년,프로그램 기간 : 2021.05.26 ~ 2021.05.26
[초등1-3학년]방구석 세계속으로-중국,대상 : 초등 1-3,프로그램 기간 : 2021.05.25 ~ 2021.05.25
3차[톡톡E 3차시] 원어민 선생님과 읽고 그리고(5/20),대상 : 초등3~청소년,프로그램 기간 : 2021.05.20 ~ 2021.05.20
3차[톡톡E 2차시] 원어민 선생님과 읽고 그리고(5/13),대상 : 초등3~청소년,프로그램 기간 : 2021.05.13 ~ 2021.05.13
3차[톡톡E 1차시] 원어민 선생님과 읽고 그리고(5/12),대상 : 초등3~청소년,프로그램 기간 : 2021.05.12 ~ 2021.05.12
Hi! 인공지능[B반-11:00~12:30],대상 : 초등 4-6,프로그램 기간 : 2021.05.08 ~ 2021.05.08
Hi! 인공지능[C반-13:30~15:00],대상 : 초등 4-6,프로그램 기간 : 2021.05.08 ~ 2021.05.08
2차 [톡톡E 4차시]원어민 선생님과 읽고 그리고(4/28) ,대상 : 초등3~청소년,프로그램 기간 : 2021.04.28 ~ 2021.04.28
2차 [톡톡E 3차시]원어민 선생님과 읽고 그리고(4/21) ,대상 : 초등3~청소년,프로그램 기간 : 2021.04.21 ~ 2021.04.21
2021년 아이와 함께 행복하게 읽는 맘,대상 : 성인,프로그램 기간 : 2021.04.20 ~ 2021.04.20
2차 [톡톡E 2차시]원어민 선생님과 읽고 그리고(4/14) ,대상 : 초등3~청소년,프로그램 기간 : 2021.04.14 ~ 2021.04.14
2차 [톡톡E 1차시]원어민 선생님과 읽고 그리고(4/7) ,대상 : 초등3~청소년,프로그램 기간 : 2021.04.07 ~ 2021.04.07
[톡톡E 4차_중급]원어민 선생님과 읽고 그리고(3/24) ,대상 : 초등3~청소년,프로그램 기간 : 2021.03.24 ~ 2021.03.24
[톡톡E 3차_초급]원어민 선생님과 읽고 그리고(3/17) ,대상 : 초등3~청소년,프로그램 기간 : 2021.03.17 ~ 2021.03.17
[톡톡E 2차_중급]원어민 선생님과 읽고 그리고(3/10) ,대상 : 초등3~청소년,프로그램 기간 : 2021.03.10 ~ 2021.03.10
[톡톡E 1차_초급]원어민 선생님과 읽고 그리고(3/3),대상 : 초등3~청소년,프로그램 기간 : 2021.03.03 ~ 2021.03.03
1.17(일) 1차수령(11-14시) 안심도서대출서비스  ,대상 : 누구나,프로그램 기간 : 2021.01.17 ~ 2021.01.17
1.16(토) 1차수령(11-14시) 안심도서대출서비스  ,대상 : 누구나,프로그램 기간 : 2021.01.16 ~ 2021.01.16
"1.16(토) 2,3차수령(15-18시) 안심도서대출서비스  ",대상 : 누구나,프로그램 기간 : 2021.01.16 ~ 2021.01.16
1.15(금) 1차수령(11-14시) 안심도서대출서비스  ,대상 : 누구나,프로그램 기간 : 2021.01.15 ~ 2021.01.15
"1.15(금) 2,3차수령(15-18시) 안심도서대출서비스  ",대상 : 누구나,프로그램 기간 : 2021.01.15 ~ 2021.01.15
1.14(목) 1차수령(11-14시) 안심도서대출서비스  ,대상 : 누구나,프로그램 기간 : 2021.01.14 ~ 2021.01.14
"1.14(목) 2,3차수령(15-18시) 안심도서대출서비스  ",대상 : 누구나,프로그램 기간 : 2021.01.14 ~ 2021.01.14
1.13(수) 1차수령(11-14시) 안심도서대출서비스  ,대상 : 누구나,프로그램 기간 : 2021.01.13 ~ 2021.01.13
"1.13(수) 2,3차수령(15-18시) 안심도서대출서비스  ",대상 : 누구나,프로그램 기간 : 2021.01.13 ~ 2021.01.13
1.12(화) 1차수령(11-14시) 안심도서대출서비스  ,대상 : 누구나,프로그램 기간 : 2021.01.12 ~ 2021.01.12
"1.12(화) 2,3차수령(15-18시) 안심도서대출서비스  ",대상 : 누구나,프로그램 기간 : 2021.01.12 ~ 2021.01.12
1.10(일) 1차수령(11-14시) 안심도서대출서비스  ,대상 : 누구나,프로그램 기간 : 2021.01.10 ~ 2021.01.10
"1.10(일) 2,3차수령(15-18시) 안심도서대출서비스  ",대상 : 누구나,프로그램 기간 : 2021.01.10 ~ 2021.01.10
"1.9(토) 2,3차수령(15-18시) 안심도서대출서비스  ",대상 : 누구나,프로그램 기간 : 2021.01.09 ~ 2021.01.09
1.8(금) 1차수령(11-14시) 안심도서대출서비스 ,대상 : 누구나,프로그램 기간 : 2021.01.08 ~ 2021.01.08
"1.8(금) 2,3차수령(15-18시) 안심도서대출서비스 ",대상 : 누구나,프로그램 기간 : 2021.01.08 ~ 2021.01.08
1.7(목) 1차수령(11-14시) 안심도서대출서비스  ,대상 : 누구나,프로그램 기간 : 2021.01.07 ~ 2021.01.07
"1.7(목) 2,3차수령(15-18시) 안심도서대출서비스  ",대상 : 누구나,프로그램 기간 : 2021.01.07 ~ 2021.01.07
1.6(수) 1차수령(11-14시) 안심도서대출서비스  ,대상 : 누구나,프로그램 기간 : 2021.01.06 ~ 2021.01.06
"1.6(수) 2,3차수령(15-18시) 안심도서대출서비스  ",대상 : 누구나,프로그램 기간 : 2021.01.06 ~ 2021.01.06
1.5(화) 1차수령(11-14시) 안심도서대출서비스 ,대상 : 누구나,프로그램 기간 : 2021.01.05 ~ 2021.01.05
"1.5(화) 2,3차수령(15-18시) 안심도서대출서비스 ",대상 : 누구나,프로그램 기간 : 2021.01.05 ~ 2021.01.05
1.3(일) 1차수령(11-14시) 안심도서대출서비스 ,대상 : 누구나,프로그램 기간 : 2021.01.03 ~ 2021.01.03
"1.3(일) 2,3차수령(15-18시) 안심도서대출서비스 ",대상 : 누구나,프로그램 기간 : 2021.01.03 ~ 2021.01.03
부모에게도 교육이 필요한 시대!_[4강] 아이를 변화시키는 부모의 말!,대상 : 성인,프로그램 기간 : 2022.09.28 ~ 2022.09.28
[북스타트힐링여행]아이들의 상상력을 키운다,대상 : 성인,프로그램 기간 : 2022.09.21 ~ 2022.09.21
"[일정변경]시야, 어디있니? 우리 함께 놀자",대상 : 초등 3~4학년,프로그램 기간 : 2022.09.15 ~ 2022.10.06
"부모에게도 교육이 필요한 시대!_[3강] 부모와 자녀의 행복한 소통, 가정에서 기르는 문해력",대상 : 성인,프로그램 기간 : 2022.09.14 ~ 2022.09.14
부모에게도 교육이 필요한 시대!_[2강] 부모와 아이 중 한 사람은 어른이어야 한다.,대상 : 성인,프로그램 기간 : 2022.09.07 ~ 2022.09.07
부모에게도 교육이 필요한 시대!_[1강] 아이의 뇌에 어떤 스토리를 심을 것인가?,대상 : 성인,프로그램 기간 : 2022.08.31 ~ 2022.08.31
아빠와 함께 하는 리듬톡톡 북놀이터,대상 : 성인,프로그램 기간 : 2022.08.28 ~ 2022.08.28
엄마와 함께 하는 리듬톡톡 북놀이터,대상 : 성인,프로그램 기간 : 2022.08.24 ~ 2022.08.24
[여름방학특별]경제야 놀자!,대상 : 초등 3~6학년,프로그램 기간 : 2022.08.10 ~ 2022.08.17
이야기가 있는 코딩,대상 : 초등 4~6학년,프로그램 기간 : 2022.08.02 ~ 2022.08.23
[여름방학특별]책읽GO 표현하GO,대상 : 초등,프로그램 기간 : 2022.08.02 ~ 2022.08.30
책읽GO 생각하GO_중학년,대상 : 초등 3~4학년,프로그램 기간 : 2022.07.27 ~ 2022.07.27
책읽GO 생각하GO_고학년,대상 : 초등 5~6학년,프로그램 기간 : 2022.07.12 ~ 2022.07.12
책읽GO 생각하GO_저학년,대상 : 초등 1~2학년,프로그램 기간 : 2022.07.08 ~ 2022.07.08
[칠교연극놀이]아가씨와 여우,대상 : 7~8세,프로그램 기간 : 2022.06.27 ~ 2022.06.27
도서관 펜팔 친구,대상 : 초등,프로그램 기간 : 2022.06.21 ~ 2022.07.21
업사이클링 클레이 화분 만들고 지구지킴이 되기,대상 : 8세~10세,프로그램 기간 : 2022.06.03 ~ 2022.06.03
[체험형동화구연]아기돼지 삼형제(5월21일_14시-15시),대상 : 5세-8세,프로그램 기간 : 2022.05.21 ~ 2022.05.21
[체험형동화구연]아기돼지 삼형제(5월21일_15시-16시),대상 : 5세-8세,프로그램 기간 : 2022.05.21 ~ 2022.05.21
달콤한 도서관 레시피,대상 : 6~7세,프로그램 기간 : 2022.05.14 ~ 2022.05.14
리딩인과 함께하는 책토리,대상 : 6~13세,프로그램 기간 : 2022.05.12 ~ 2022.08.13
[체험형동화구연]아기돼지 삼형제(5월7일_14시-15시),대상 : 5세-8세,프로그램 기간 : 2022.05.07 ~ 2022.05.07
[체험형동화구연]아기돼지 삼형제(5월7일_15시-16시),대상 : 5세-8세,프로그램 기간 : 2022.05.07 ~ 2022.05.07
[공연]어린이 매지컬: 마법전사 매직킹,대상 : 초등 1~6학년,프로그램 기간 : 2022.04.30 ~ 2022.04.30
(스무고개탐정과 함께 하는)추리독서클럽,대상 : 초등4~6학년,프로그램 기간 : 2022.04.07 ~ 2022.04.28
미디어 리터러시 바로알기,대상 : 초등 2~4학년,프로그램 기간 : 2022.03.26 ~ 2022.03.26
[책이랑 톡톡. 02] 진형민 작가를 만나다,대상 : 초등 4-6학년,프로그램 기간 : 2022.03.16 ~ 2022.03.16
[책이랑 톡톡. 01] 서현 작가를 만나다,대상 : 어린이,프로그램 기간 : 2022.02.17 ~ 2022.02.17
조물조물 크리스마스 장식만들기(1-2학년),대상 : 초등1-2학년,프로그램 기간 : 2021.12.15 ~ 2021.12.15
조물조물 크리스마스 장식만들기(3-6학년),대상 : 초등3-6학년,프로그램 기간 : 2021.12.15 ~ 2021.12.15
왁자지껄 토론연극 ,대상 : 초등 3~4학년,프로그램 기간 : 2021.12.04 ~ 2021.12.04
[공연]북극곰 예술여행,대상 : 초등1~6학년,프로그램 기간 : 2021.11.27 ~ 2021.11.27
남동윤 작가와 함께하는 만화교실,대상 : 초등3~6학년,프로그램 기간 : 2021.11.04 ~ 2021.11.04
(보고 들으며 느끼는)오감만족 북 콘서트,대상 : 초등,프로그램 기간 : 2021.10.31 ~ 2021.10.31
[음악놀이] 클래식이랑 놀자(5~6세),대상 : 5세~6세,프로그램 기간 : 2021.10.13 ~ 2021.10.13
[음악놀이] 클래식이랑 놀자(7~8세),대상 : 7세~8세,프로그램 기간 : 2021.10.13 ~ 2021.10.13
오세나 작가와 함께 하는 검정토끼,대상 : 초등2-3학년,프로그램 기간 : 2021.09.08 ~ 2021.09.08
동화작가 채인선의 하루 한장 <글쓰기 처방전>,대상 : 초등4~6학년,프로그램 기간 : 2021.09.02 ~ 2021.09.16
[여름방학 특별]방방콕콕 세계문화여행,대상 : 초등3-6학년,프로그램 기간 : 2021.08.10 ~ 2021.08.17
[어린이]반려 물고기 키우기,대상 : 초등 3~6학년,프로그램 기간 : 2021.07.21 ~ 2021.07.21
북스타트 기획 특강_전문가와 함께 하는 육아로드맵_3강 육아를 위한 그림책 읽는 방법 신청,대상 : 성인,프로그램 기간 : 2021.07.21 ~ 2021.07.21
북스타트 기획 특강_전문가와 함께 하는 육아로드맵_2강 꿈꾸는 아이의 그림책 놀이 신청,대상 : 성인,프로그램 기간 : 2021.07.14 ~ 2021.07.14
북스타트 기획 특강_전문가와 함께 하는 육아로드맵_1강 '영.유아기 자녀와 잘지내기' 신청,대상 : 성인,프로그램 기간 : 2021.07.07 ~ 2021.07.07
[유아]알록달록 그림책 놀이,대상 : 유아 6-7세,프로그램 기간 : 2021.06.24 ~ 2021.07.01
어린이를 위한 뉴스 바로 알기,대상 : 초등 4-6,프로그램 기간 : 2021.06.16 ~ 2021.06.16
[도.도.야] 일미터클래식 '행복한 르누아르와 반고흐',대상 : 초등1~6학년,프로그램 기간 : 2021.05.16 ~ 2021.05.16
[어린이책마을]달콤한 도서관 레시피 2강 ,대상 : 초등 3-4학년,프로그램 기간 : 2021.05.09 ~ 2021.05.09
[어린이책마을]달콤한 도서관 레시피 1강  ,대상 : 초등 1-2학년,프로그램 기간 : 2021.05.02 ~ 2021.05.02
[도서관주간]도서관에 숨은 보물찾기 ,대상 : 6세~초등 6학년,프로그램 기간 : 2021.04.13 ~ 2021.04.18
"시야, 어디있니? 우리 함께 놀자 ",대상 : 초등 3-4학년,프로그램 기간 : 2021.04.01 ~ 2021.04.01
[어린이책마을]뚝딱뚝딱 다이어리 꾸미기 ,대상 : 초등 4-6,프로그램 기간 : 2021.03.18 ~ 2021.03.18
[어린이책마을]동화동무씨동무 ,대상 : 초등 5-6학년,프로그램 기간 : 2021.03.13 ~ 2021.05.29
학교 적응부터 온라인수업까지_예비초 학부모교육,대상 : 성인,프로그램 기간 : 2021.02.17 ~ 2021.02.17
아동학대예방교육_우리가 바꿀게!,대상 : 성인,프로그램 기간 : 2021.02.03 ~ 2021.02.03
어린이책마을_다시쓰는 혹부리영감_혹부리 환불소동,대상 : 누구나,프로그램 기간 : 2021.01.30 ~ 2021.01.30
1.17(일) 1차수령(11-14시) 안심도서대출서비스,대상 : 누구나,프로그램 기간 : 2021.01.17 ~ 2021.01.17
1.17(일) 2차수령(15-18시) 안심도서대출서비스,대상 : 누구나,프로그램 기간 : 2021.01.17 ~ 2021.01.17
1.16(토) 1차수령(11-14시) 안심도서대출서비스 ,대상 : 누구나,프로그램 기간 : 2021.01.16 ~ 2021.01.16
1.16(토) 2차수령(15-18시) 안심도서대출서비스,대상 : 누구나,프로그램 기간 : 2021.01.16 ~ 2021.01.16
1.15(금) 1차수령(11-14시) 안심도서대출서비스,대상 : 누구나,프로그램 기간 : 2021.01.15 ~ 2021.01.15
1.14(목) 1차수령(11-14시) 안심도서대출서비스,대상 : 누구나,프로그램 기간 : 2021.01.14 ~ 2021.01.14
1.14(목) 2차수령(15-18시) 안심도서대출서비스 ,대상 : 누구나,프로그램 기간 : 2021.01.14 ~ 2021.01.14
1.13(수) 1차수령(11-14시) 안심도서대출서비스,대상 : 누구나,프로그램 기간 : 2021.01.13 ~ 2021.01.13
1.13(수) 2차수령(15-18시) 안심도서대출서비스,대상 : 누구나,프로그램 기간 : 2021.01.13 ~ 2021.01.13
1.12(화) 1차수령(11-14시) 안심도서대출서비스,대상 : 누구나,프로그램 기간 : 2021.01.12 ~ 2021.01.12
1.12(화) 2차수령(15-18시) 안심도서대출서비스,대상 : 누구나,프로그램 기간 : 2021.01.12 ~ 2021.01.12
1.10(일) 1차수령(11-14시) 안심도서대출서비스,대상 : 누구나,프로그램 기간 : 2021.01.10 ~ 2021.01.10
1.10(일) 2차수령(15-18시) 안심도서대출서비스,대상 : 누구나,프로그램 기간 : 2021.01.10 ~ 2021.01.10
1.9(토) 1차수령(11-14시) 안심도서대출서비스,대상 : 누구나,프로그램 기간 : 2021.01.09 ~ 2021.01.09
1.9(토) 2차수령(15-18시) 안심도서대출서비스 ,대상 : 누구나,프로그램 기간 : 2021.01.09 ~ 2021.01.09
1.8(금) 1차수령(11-14시) 안심도서대출서비스 ,대상 : 누구나,프로그램 기간 : 2021.01.08 ~ 2021.01.08
1.8(금) 2차수령(15-18시) 안심도서대출서비스,대상 : 누구나,프로그램 기간 : 2021.01.08 ~ 2021.01.08
1.7(목) 2차수령(15-18시) 안심도서대출서비스 ,대상 : 누구나,프로그램 기간 : 2021.01.07 ~ 2021.01.07
1.6(수) 1차수령(11-14시) 안심도서대출서비스,대상 : 누구나,프로그램 기간 : 2021.01.06 ~ 2021.01.06
1.6(수) 2차수령(15-18시) 안심도서대출서비스 ,대상 : 누구나,프로그램 기간 : 2021.01.06 ~ 2021.01.06
1.5(화) 1차수령(11-14시) 안심도서대출서비스,대상 : 누구나,프로그램 기간 : 2021.01.05 ~ 2021.01.05
1.5(화) 2차수령(15-18시) 안심도서대출서비스,대상 : 누구나,프로그램 기간 : 2021.01.05 ~ 2021.01.05
1.3(일) 1차수령(11-14시) 안심도서대출서비스,대상 : 누구나,프로그램 기간 : 2021.01.03 ~ 2021.01.03
1.3(일) 2차수령(15-18시) 안심도서대출서비스,대상 : 누구나,프로그램 기간 : 2021.01.03 ~ 2021.01.03
마음을 움직이는 대화,대상 : 성인,프로그램 기간 : 2022.09.15 ~ 2022.09.15
9월 <당신의 이야기를 들어드립니다>,대상 : 초등학생~성인,프로그램 기간 : 2022.09.17 ~ 2022.09.17
[개관10주년] 휴먼북과의 대화 <휴먼북이 만난 사람>,대상 : 누구나,프로그램 기간 : 2022.09.03 ~ 2022.09.03
8월 <당신의 이야기를 들어드립니다>,대상 : 초등학생~성인,프로그램 기간 : 2022.08.20 ~ 2022.08.20
7월 <당신의 이야기를 들어드립니다>,대상 : 초등학생~성인,프로그램 기간 : 2022.07.16 ~ 2022.07.16
6월 <당신의 이야기를 들어드립니다>,대상 : 초등학생~성인,프로그램 기간 : 2022.06.18 ~ 2022.06.18
당신의 이야기를 들어드립니다. ,대상 : 초등학생~성인,프로그램 기간 : 2022.05.21 ~ 2022.05.21
[개관10주년] 온라인 고민부엉 ,대상 : 누구나,프로그램 기간 : 2022.03.17 ~ 2022.03.31
<소소하지만 특별한 사람책 이야기 전시회> 도슨트 (3차) / 12월 5일 (11시-12시),대상 : 누구나,프로그램 기간 : 2021.12.05 ~ 2021.12.05
<소소하지만 특별한 사람책 이야기 전시회> 도슨트 (1차) / 12월 4일 (11시-12시),대상 : 누구나,프로그램 기간 : 2021.12.04 ~ 2021.12.04
<소소하지만 특별한 사람책 이야기 전시회> 도슨트 (2차) / 12월 4일 (2시-3시),대상 : 누구나,프로그램 기간 : 2021.12.04 ~ 2021.12.04
<소소하지만 특별한 사람이야기 전시회> 주민이야기(사람책) 모집 ,대상 : 성인,프로그램 기간 : 2021.12.03 ~ 2021.12.09
<소소하지만 특별한 사람이야기 전시회> 예술인 모집 ,대상 : 성인,프로그램 기간 : 2021.12.03 ~ 2021.12.09
<소소하지만 특별한 사람책 이야기 전시회> *오픈식* ,대상 : 누구나,프로그램 기간 : 2021.12.03 ~ 2021.12.03
일삶센터 청년들과 함께하는 휴먼북과의 대화,대상 : 성인,프로그램 기간 : 2021.08.26 ~ 2021.08.26
휴먼북 수시열람,"대상 : 청소년, 성인",프로그램 기간 : 2021.07.28 ~ 2021.12.31
휴먼북초대석-작심삼월(作心三月),대상 : 전체이용자,프로그램 기간 : 2021.03.20 ~ 2021.04.09
온라인 마음우체통 : 고민부엉,대상 : 전체이용자,프로그램 기간 : 2021.03.19 ~ 2021.03.31
2022년 불암도서관 어르신 리터러시 교육 보드야놀자,대상 : 어르신,프로그램 기간 : 2022.10.18 ~ 2022.10.25
[10월] 김리리 작가와의 만남,대상 : 초등,프로그램 기간 : 2022.10.15 ~ 2022.10.15
[10월] 소소한 이야기,대상 : 유아,프로그램 기간 : 2022.10.05 ~ 2022.10.05
[10월] 방과 후 글쓰기 (방글),대상 : 초등4~6,프로그램 기간 : 2022.10.04 ~ 2022.10.25
[10월] 리딩퍼실리테이터 양성 교육 과정,대상 : 성인,프로그램 기간 : 2022.10.04 ~ 2022.11.08
[9월] 소소한 이야기,대상 : 9~10세,프로그램 기간 : 2022.09.22 ~ 2022.09.22
[9월] 독서의달 청소년프로그램 「그래도 되는 도서관」,대상 : 청소년,프로그램 기간 : 2022.09.19 ~ 2022.09.19
"[9월] 랜선 낭독회 “소리나는 독서, 소리듣는 독서”",대상 : 성인,프로그램 기간 : 2022.09.14 ~ 2022.09.28
[9월]자원봉사자 사전 교육,대상 : 13~99,프로그램 기간 : 2022.09.13 ~ 2022.09.13
"[9월] 독서의 달 "" 책 빌려가방"" 만들기",대상 : 유아,프로그램 기간 : 2022.09.08 ~ 2022.09.08
[9월] 청소년 진로백서 ,대상 : 청소년 및 성인,프로그램 기간 : 2022.09.04 ~ 2022.09.04
『마틸다』번역가가 들려주는 『봄의 방정식』이야기 - 김난령번역가와의 만남,대상 : 청소년~성인,프로그램 기간 : 2022.08.27 ~ 2022.08.27
[8월] 불암도서관 자원봉사 사전교육,대상 : 중학생이상,프로그램 기간 : 2022.08.09 ~ 2022.08.09
"[8월] 여름방학 독서교실 ""여름아 읽자!""",대상 : 초등,프로그램 기간 : 2022.08.03 ~ 2022.08.05
(중학생이상)여름방학 취미지원 프로그램 : 니들-펠트 한 번 배워볼래?,대상 : 14세~18세,프로그램 기간 : 2022.08.01 ~ 2022.08.31
"청소년 인문학 특강 - 어라, 그건 이집트가 아닌데요?",대상 : 13세~19세,프로그램 기간 : 2022.07.23 ~ 2022.07.30
[7월] 도서관과 생일이 같은 어린이 친구를 찾아요!,대상 : 유아~초등학생,프로그램 기간 : 2022.07.20 ~ 2022.07.27
[8월] 신나는 그림책 놀이터,대상 : 유아,프로그램 기간 : 2022.07.19 ~ 2022.08.25
[7월] 2022년 뮤지컬 인문학 프로그램 “좌석 대신 도서관”,대상 : 성인,프로그램 기간 : 2022.07.16 ~ 2022.07.23
[7월]불암도서관 자원 봉사자 사전 교육,대상 : 중학생이상,프로그램 기간 : 2022.07.12 ~ 2022.07.12
청소년 자료실 진로 북큐레이션 연계프로그램 ,대상 : .,프로그램 기간 : 2022.07.09 ~ 2022.07.09
[7월] 그림책 특강 ,대상 : 성인,프로그램 기간 : 2022.07.07 ~ 2022.07.21
[7월] 어린이 독서동아리 ,대상 : 초등,프로그램 기간 : 2022.06.22 ~ 2022.06.22
[6월] 불암도서관 자원봉사자 사전 교육,대상 : 중학생이상,프로그램 기간 : 2022.06.14 ~ 2022.06.14
[5월] 소소한이야기,대상 : 어린이,프로그램 기간 : 2022.05.12 ~ 2022.05.12
[5월] 성인인문학(봄)  역사로 보는 대중음악 이야기,대상 : 중학생이상,프로그램 기간 : 2022.05.11 ~ 2022.05.25
"[5월] 지금, 나를 채우는 문장들",대상 : 성인,프로그램 기간 : 2022.05.10 ~ 2022.05.10
[4월] 유은실 작가와의 만남,대상 : 초등,프로그램 기간 : 2022.04.24 ~ 2022.04.24
[4월] 소소한 이야기,대상 : 어린이,프로그램 기간 : 2022.04.17 ~ 2022.04.17
[4월] 시작된변화 청소년팀 모집,대상 : 청소년,프로그램 기간 : 2022.03.29 ~ 2022.03.29
[3월] 소소한 이야기,대상 : 어린이,프로그램 기간 : 2022.03.19 ~ 2022.03.19
[2월]HOW? HOW!,대상 : 초등 3 ~ 6학년,프로그램 기간 : 2022.02.05 ~ 2022.02.19
[1월]HOW? HOW!,대상 : 초등3 ~ 6학년,프로그램 기간 : 2022.01.08 ~ 2022.01.22
[12월] 범이 내려온다,대상 : 어린이,프로그램 기간 : 2021.12.19 ~ 2021.12.19
성인인문학 겨울 강좌(영화),대상 : 성인(중학생이상),프로그램 기간 : 2021.12.15 ~ 2021.12.15
[1교시]마니마니 아저씨 키즈쇼_Magical BURAM‘s Mas,대상 : 누구나,프로그램 기간 : 2021.12.12 ~ 2021.12.12
『체리새우:비밀글입니다』황영미 작가 청소년 힐링특강,대상 : 청소년,프로그램 기간 : 2021.12.04 ~ 2021.12.04
[12월] 불암도서관 독서동아리 대상 다.독.임(다시.독서.모임) 프로그램,대상 : 성인,프로그램 기간 : 2021.12.02 ~ 2021.12.16
2인 2색 온라인 작가와의 만남 (이임숙작가),대상 : 성인,프로그램 기간 : 2021.11.24 ~ 2021.11.24
[11월] 내가 불암 히어로!,대상 : 유아,프로그램 기간 : 2021.11.20 ~ 2021.11.20
2인 2색 온라인 작가와의 만남 (임윤희 작가),대상 : 성인,프로그램 기간 : 2021.11.11 ~ 2021.11.18
[11월][노원구립도서관 공론의 장] “수다만남 환경만담”,대상 : 누구나,프로그램 기간 : 2021.11.06 ~ 2021.11.06
[11월]HOW? HOW!,대상 : 유아,프로그램 기간 : 2021.11.06 ~ 2021.11.13
[10월] 리딩퍼실리테이터 교육,대상 : 1년이상 독서동아리 활동경험이 있는 누구나,프로그램 기간 : 2021.10.19 ~ 2021.10.30
[10월] 모래로 만나는 동화이야기(샌드아트공연),대상 : 누구나,프로그램 기간 : 2021.10.16 ~ 2021.10.16
[10월] 『검정토끼』 저자 오세나작가와의 만남,대상 : 초등,프로그램 기간 : 2021.10.16 ~ 2021.10.16
[10월] 2021 불암도서관 성인인문학 가을 강좌 (드라마&다큐),대상 : 성인,프로그램 기간 : 2021.10.12 ~ 2021.10.26
[9월]  온라인 뮤지컬<미녀와야수> ,대상 : 누구나,프로그램 기간 : 2021.09.18 ~ 2021.09.18
[9월] 방구석 미술실,대상 : 초등1~2,프로그램 기간 : 2021.09.11 ~ 2021.09.11
[9월] HOW? HOW!,대상 : 초등3~6,프로그램 기간 : 2021.09.04 ~ 2021.09.11
[8월] 방구석 미술실,대상 : 초등 1~3,프로그램 기간 : 2021.08.14 ~ 2021.08.28
[8월] HOW? HOW!,대상 : 초등3~6,프로그램 기간 : 2021.08.14 ~ 2021.08.28
[7월]2021년 신나는 그림책 놀이터,대상 : 어린이,프로그램 기간 : 2021.07.20 ~ 2021.07.23
[7월]앙리마티스- 벌거숭이 임금님 공연 음악회,대상 : 8~100,프로그램 기간 : 2021.07.18 ~ 2021.07.18
[7월] HOW? HOW!,대상 : 초등3~6,프로그램 기간 : 2021.07.17 ~ 2021.07.31
"[7월] 불암도서관 <마음, 들여다보기> 온라인 인문학 특강",대상 : 고등학생이상,프로그램 기간 : 2021.07.15 ~ 2021.07.15
[7월]방구석 미술실,대상 : 초1-3,프로그램 기간 : 2021.07.03 ~ 2021.07.03
[6월]HOW? HOW!,대상 : 초4~6,프로그램 기간 : 2021.06.05 ~ 2021.06.05
[5월]HOW? HOW!,대상 : 초4~6,프로그램 기간 : 2021.05.15 ~ 2021.05.15
"성인인문학-오페라, 삶의 노래여!",대상 : 성인,프로그램 기간 : 2021.05.13 ~ 2021.05.27
"[4월] 불암도서관 특별프로그램 ""책과 함께""",대상 : 성인,프로그램 기간 : 2021.04.09 ~ 2021.04.09
[4월] 허유정작가와의 만남,대상 : 누구나,프로그램 기간 : 2021.04.07 ~ 2021.04.07
2021년 청소년 사회참여 프로젝트 '시작된변화',대상 : 청소년,프로그램 기간 : 2021.03.15 ~ 2021.03.15
1.17(일) 1차수령(11-14시) 안심도서대출서비스,대상 : 누구나,프로그램 기간 : 2021.01.17 ~ 2021.01.17
"1.17(일) 2,3차수령(15-18시) 안심도서대출서비스",대상 : 누구나,프로그램 기간 : 2021.01.17 ~ 2021.01.17
1.16(토) 1차수령(11-14시) 안심도서대출서비스,대상 : 누구나,프로그램 기간 : 2021.01.16 ~ 2021.01.16
"1.16(토) 2,3차수령(15-18시) 안심도서대출서비스",대상 : 누구나,프로그램 기간 : 2021.01.16 ~ 2021.01.16
1.15(금) 1차수령(11-14시) 안심도서대출서비스,대상 : 누구나,프로그램 기간 : 2021.01.15 ~ 2021.01.15
"1.15(금) 2,3차수령(15-18시) 안심도서대출서비스",대상 : 누구나,프로그램 기간 : 2021.01.15 ~ 2021.01.15
1.14(목) 1차수령(11-14시) 안심도서대출서비스,대상 : 누구나,프로그램 기간 : 2021.01.14 ~ 2021.01.14
"1.14(목) 2,3차수령(15-18시) 안심도서대출서비스",대상 : 누구나,프로그램 기간 : 2021.01.14 ~ 2021.01.14
	1.13(수) 1차수령(11-14시) 안심도서대출서비스,대상 : 누구나,프로그램 기간 : 2021.01.13 ~ 2021.01.13
1.12(화) 1차수령(11-14시) 안심도서대출서비스,대상 : 누구나,프로그램 기간 : 2021.01.12 ~ 2021.01.12
"1.12(화) 2,3차수령(15-18시) 안심도서대출서비스",대상 : 누구나,프로그램 기간 : 2021.01.12 ~ 2021.01.12
1.10(일) 1차수령(11-14시) 안심도서대출서비스,대상 : 누구나,프로그램 기간 : 2021.01.10 ~ 2021.01.10
"1.10(일) 2,3차수령(15-18시) 안심도서대출서비스",대상 : 누구나,프로그램 기간 : 2021.01.10 ~ 2021.01.10
1.9(토) 1차수령(11-14시) 안심도서대출서비스,대상 : 누구나,프로그램 기간 : 2021.01.09 ~ 2021.01.09
"1.9(토) 2,3차수령(15-18시) 안심도서대출서비스",대상 : 누구나,프로그램 기간 : 2021.01.09 ~ 2021.01.09
1.8(금) 1차수령(11-14시) 안심도서대출서비스,대상 : 누구나,프로그램 기간 : 2021.01.08 ~ 2021.01.08
"1.8(금) 2,3차수령(15-18시) 안심도서대출서비스",대상 : 누구나,프로그램 기간 : 2021.01.08 ~ 2021.01.08
1.7(목) 1차수령(11-14시) 안심도서대출서비스,대상 : 누구나,프로그램 기간 : 2021.01.07 ~ 2021.01.07
"1.7(목) 2,3차수령(15-18시) 안심도서대출서비스",대상 : 누구나,프로그램 기간 : 2021.01.07 ~ 2021.01.07
1.6(수) 1차수령(11-14시) 안심도서대출서비스,대상 : 누구나,프로그램 기간 : 2021.01.06 ~ 2021.01.06
"1.6(수) 2,3차수령(15-18시) 안심도서대출서비스",대상 : 누구나,프로그램 기간 : 2021.01.06 ~ 2021.01.06
"1.5(화) 2,3차수령(15-18시) 안심도서대출서비스",대상 : 누구나,프로그램 기간 : 2021.01.05 ~ 2021.01.05
1.3(일) 1차수령(11-14시) 안심도서대출서비스,대상 : 누구나,프로그램 기간 : 2021.01.03 ~ 2021.01.03
"1.3(일) 2,3차수령(15-18시) 안심도서대출서비스",대상 : 누구나,프로그램 기간 : 2021.01.03 ~ 2021.01.03
