lib,title,target
돌마리,돌마리패턴아트 동아리 양성교실,"(성인)취미활동, 친목도모, 재능기부에 관심있는 성인"
돌마리,돌마리[비대면] 돌마리 마을 기록 학교,(아동)초등 1~2학년
위례,위례[온라인] 인문학열전 : 6. 소유냐 존재냐,(성인)성인
위례,"위례[온라인] 자산관리는 절약보다 전략, 속도보다 방향이다 ",(성인)노후 준비에 관심 있는 성인 30명
거마,거마[북스타트] 양육자와 함께하는 책놀이,(유아)4-5세 어린이와 양육자(5팀)
가락몰,가락몰[길 위의 인문학] 후속간담회,(성인)길 위의 인문학 사업에 관심있는 도서관 이용자
어린이,어린이[한책] 『비닐봉지가 코끼리를 잡아먹었어요』 김정희 작가와의 만남,(아동)초등 3~4학년
거마,거마[4분기] 그림책 시민 문화 살롱(성인),(성인)성인
거마,거마[4분기]디지털 드로잉(중학생 이상),(청소년)청소년 이상
거마,거마[4분기]창의 독서 미술(6~7세),(유아)6~7세
거마,거마[4분기]I Love Story(6~7세),(유아)6~7세
거마,거마[4분기]I Love Story(초1~2),(아동)초등1~2
거마,거마[4분기]세계 역사 여행(초3~6),(아동)초등 3~6학년
4호,4호[어린이 온라인 프로그램] 초등 문해력 향상 프로젝트,(아동)미디어와 뉴스에 관심을 갖고 있는 초등 3~4학년 10명
영어,영어영어책 리터러시 동아리(추가모집),(성인)영어책 읽기에 관심이 있는 성인 10명
글마루,글마루★김경일 교수 강연,(성인)성인
잠실본동,잠실본동[그림책 시민문화 살롱: 경혜원 작가] 동아리회원 모집 ,"(성인)성인, 시니어"
돌마리,"돌마리[비대면] 스마트폰으로 뚝딱, 북트레일러",(아동)초등 3~5학년
글마루,글마루With Dream Catcher-영어그림책 놀이터(9월),(아동)초등1~3학년(송파구통합도서관 정회원)
가락몰,가락몰[독서의 달] 과월호 잡지 나눔,(누구나)
영어,영어[하반기] 책과 함께 싱어롱,(유아)6~7세
영어,영어[하반기] 영어그림책 스토리타임,(아동)8~9세
영어,영어[하반기] Let's Read 북클럽(C),(아동)11~13세
영어,영어 [하반기] Let's Read 북클럽(B),(아동)10~11세
영어,영어[하반기] Let's Read 북클럽(A),(아동)8~9세
3호,3호[3분기 특강] 그림책과 함께하는 연극놀이_홈페이지 가입 후 바로 접수 가능 ,(아동)초등 1~2학년
1호,1호책이랑 놀자,(유아)6~7세
1호,1호하늘하늘 손뜨개,(성인)성인
1호,1호3D 모델링,(청소년)초등 3~6학년
1호,1호3D THINKERCAD(팅커캐드),(아동)초등 3~4학년
1호,1호메타버스 크리에이터_ZEPETO,(청소년)초등 5~6학년
위례,위례[온라인] 인문학열전 : 5. 죄와 벌,(성인)성인
가락몰,가락몰[프로그램] 재미있는 그림책! 생각하는 그림책!!,(아동)
어린이,어린이[특별] 그림책 시민문화 살롱,(성인)
2호,2호뿌뿌차이나,(아동)초등 3~6학년 15명
2호,2호[동네배움터] 정리수납의 달인,(성인)성인 15명
2호,2호[동네배움터] 반려동물과 함께 살기,(성인)성인 15명
2호,2호나만의 뉴스 만들기,(아동)초등 4~6학년 15명
2호,2호<한책과 함께하는> 한 책 깊이 읽기 ,(아동)초등 3~6학년 15명
4호,4호[성인 오프라인 프로그램] 『마흔 랩소디』 이솔잎 작가와의 만남,"(성인)『마흔 랩소디, 빈티나지 않고 빈티지하게』를 읽은 성인"
위례,"위례[탐방] 길위의 인문학 : 마음의 표현, 몸의 언어 <춤 인문학>","(누구나)초등학생이상(초등학생은 보호자 동반 필수/어린이, 보호자 각각 개별접수)"
잠실본동,잠실본동[정기 프로그램] 와글와글 그림책 놀이터,(아동)초등 1~2학년
거마,거마한책 톡톡(talk talk) 프로그램 접수안내,(성인)성인
위례,"위례[온라인] 길위의 인문학 : 마음의 표현, 몸의 언어 <춤 인문학 3>",(성인)성인
어린이,"어린이[특별] 정원, 삶을 보살피는 초록의 미학 2",(성인)
위례,위례[대면진행] 업사이클링 북아트교실 - 독서의 달 특별 프로그램,(아동)9~11세 어린이 20명
위례,위례[대면진행] '강파란과 오물마왕' - 독서의 달 특별 손인형극 공연 ,(누구나)가족 20팀(대표자 1인 신청)
3호,3호[3분기 특강] 푸드표현 하브루타,(유아)6~8세 자녀 동반 가정 
어린이,어린이[특별]『달빛 조각』윤강미 작가와의 만남 ,(아동)초등 3~4학년
가락몰,"가락몰[프로그램][가락몰, 열연하다]안녕! Hola! Bonjour!",(누구나)
가락몰,가락몰[프로그램] 시니어 스마트폰 금융교육,(시니어)50대 이상 시니어
어린이,어린이[하반기]한발 두발 세계사Ⅱ,(아동)초등 4-6학년
어린이,어린이[하반기]그림책 독서하브루타,(아동)초등 3-4학년
어린이,어린이[하반기]그림책이랑 놀자,(유아)유아 6-7세
어린이,어린이[하반기]책놀이 풍덩,(유아)유아 4-5세
어린이,어린이[하반기]Join English,(아동)초등 1-2학년
어린이,어린이[하반기]Enjoy English,(유아)유아 6-7세
거마,거마[독서의 달] 뚝딱뚝딱 마이북 만들기,(아동)초1~6학년
돌마리,돌마리[독서의달] 나는야 환경지킴이-나만의 머그컵 만들기,(아동)초등3~5학년
돌마리,돌마리[독서의달] 그림책과 함께하는 푸드표현(1~2학년),(아동)초등1~2학년
돌마리,돌마리[독서의달] 그림책과 함께하는 푸드표현(7세),(유아)7세
가락몰,가락몰[프로그램] 북아트표현놀이 - 색종이 변한 코끼리,(아동)초등학교 1학년 - 초등학교 3학년
글마루,글마루[4분기] 사고력 쑥쑥 독서논술,(아동)초등4~6
글마루,글마루[4분기] 신나는 과학 놀이터,(아동)초등1~2
글마루,글마루[4분기] 신나는 과학 놀이터,(아동)초등3~4
글마루,글마루[4분기] 매직&스피치,(아동)초등3~4
글마루,글마루[4분기] 그림책 미술,(유아)6~7세
글마루,글마루[4분기] 그림책 미술,(아동)초등1~2
글마루,글마루[4분기] 동화원예 ,(유아)6~7세
글마루,글마루[4분기] 동화원예 ,(아동)초등1~2
글마루,글마루[4분기] 역사 속 영웅 이야기,(아동)초등1~2
글마루,글마루[4분기] 쉽고 재미있는 이야기 한국사,(아동)초등3~4
글마루,글마루[4분기] I Love Story 4~5세,(유아)4~5세 (보호자1명 포함)
글마루,글마루[4분기] I Love Story 6~7세,(유아)6~7세
글마루,글마루[4분기] I Love Story 초등1~2,(아동)초등1~2
글마루,글마루[4분기] 플로리스트 체험반,(성인)성인
잠실본동,잠실본동[독서의 달 프로그램] 부모와 함께하는 북아트 표현놀이,(유아)유아 6~7세와 부모 5팀
1호,1호한주제로 한책읽기 2(지구를 살리는 한책),(아동)초등 3~4학년
1호,1호한주제로 한책읽기 1(지구를 살리는 한책),(아동)초등 1~2학년
1호,1호우리 역사를 바꾼 영웅이야기,(아동)초등 1~2학년
4호,4호[성인 온라인 프로그램] 그림책 시민 문화 살롱,(성인)그림책 깊이 읽기에 관심있는 성인
1호,1호동화원예 2,(아동)초등 1~2학년
1호,1호동화원예 1,(유아)6~7세
1호,1호그림책 시민 문화 살롱,(성인)성인
위례,"위례[대면진행] 길위의 인문학 : 마음의 표현, 몸의 언어 <춤 인문학 3>",(성인)성인
어린이,어린이[2022 북스타트 부모교육]이정빈 작가와의 만남,(유아)6-7세(보호자 동반)
위례,위례[온라인] 인문학열전 : 4. 자본주의 어디서 와서 어디로 가는가,(성인)성인
어린이,어린이도서관 태교 교실 - 아가마중(9월),(성인)3개월 이상 임신부
3호,3호[3분기] Book적북적 책놀이(6~7세),(유아)6~7세
3호,3호[3분기] 스마트폰으로 영상(북트레일러) 제작하기!_홈페이지 가입 후 바로 접수 ,(아동)초등 4~6학년
3호,3호[3분기] 초등 저학년 문해력 특강! 모집,(아동)초등 1~2학년
영어,영어[독서의 달] English & Science,(아동)8~9세
영어,영어[독서의 달] English & Art,(유아)6~7세
영어,영어[독서의 달] My Own Newspaper 영자신문 만들기,(아동)10~13세 (초등 3~6학년)
영어,영어[독서의 달] Books & Talk,(아동)8~9세 (초 1~2학년)
가락몰,가락몰[프로그램] 어휘 독해 글쓰기가 완성되는 초등 문해력 교실,(아동)초등 4학년 ~ 초등 6학년
돌마리,돌마리사고력을 키우는 책놀이터,(아동)초등 1~2학년 
2호,2호[소나무동네배움터] 나는야 디지털미디어크리에이터,(아동)초등 3~6학년
2호,2호[소나무동네배움터] 북아트로 만나는 부모교육,(성인)성인
2호,2호[소나무동네배움터] 찾아가는 달팽이 교실,(아동)초등 1~6학년
잠실본동,"잠실본동[동네배움터] 헌 책 줄게 팝업북 다오 (요일, 대상 변경)",(아동)초등 1~4학년
4호,4호[성인 오프라인 프로그램] 엄마표로 우리 아이 디지털 리터러시 역량 키우기,(성인)초등 학부모
4호,4호[어린이 온라인 프로그램] 지혜로운 미디어 탐구생활,(아동)초등 4-5학년
글마루,글마루어린이 한책격파단,(아동)초등학교 4~6학년(2010~2012년생)
위례,위례[대면진행] 『내 마음 ㅅㅅㅎ』 김지영 작가와의 만남,(아동)초등학생
4호,4호[어린이 오프라인 프로그램] 그림책 미술 놀이터,(아동)초등 3-4학년
4호,"4호[어린이 온라인 프로그램] 질문을 잇다, 그림책 하브루타",(아동)초등 4-5학년
4호,4호[어린이 온라인 프로그램] 창의력 쑥쑥!! 예술융합 하브루타,(아동)초등 2-3학년
4호,4호[성인 온라인 프로그램] 그림책으로 자라는 우리아이,(성인)영·유아의 부모
잠실본동,잠실본동[동네배움터] 수채화 보태니컬 아트(대기자 접수),(성인)
3호,3호[3분기 특강] Book작복작 동화요리(10-11세),(아동)초등 3~4학년
위례,위례[온라인] 인문학열전 : 삶의 방향을 제시하는 인문학 - 3. 월든,(성인)성인
글마루,글마루청소년 한책격파단,(청소년)중1-3학년 (2007-2009년생)
가락몰,가락몰[길 위의 인문학] 버터와 마가린 (2차),(성인)문학 속 음식에 관심이 많은 성인 회원
가락몰,가락몰[길 위의 인문학] 버터와 마가린 (1차),(성인)문학 속 음식에 관심이 많은 성인 회원
위례,위례[동아리] 수요일엔 그림책!,(누구나)성인 회원 15명
글마루,글마루마술로 만나는 동화이야기 <책방 속 마법 우체국>,(유아)4세 이상
글마루,글마루간호사 비자 작가와의 만남 <내 마음은 누가 간호해 주나요>,(누구나)누구나
글마루,글마루명수정 작가와의 만남 <소원으로 쌓은 탑의 노래>: 우리시대 그림책작가 제3탄,(누구나)
3호,3호[★우수 참여자 우선 접수]3분기 Book작복작 동화요리(10-11세),(아동)초등 3~4학년
잠실본동,잠실본동[동네배움터] 메타버스 알아보기,(성인)
돌마리,돌마리[비대면]슬기로운 미디어 리터러시,(아동)초등1~2학년
돌마리,돌마리[비대면]세계가 보이는 이야기 한국사,(아동)초등3~4학년
돌마리,돌마리책이랑 놀자,(유아)6~7세
글마루,글마루With Dream Catcher-영어그림책 놀이터(8월),(아동)초등1~3학년(도서관 정회원)
글마루,글마루(추가모집) 초3 그림책 하브루타 독서동아리 모집,(아동)초등학교 3학년
거마,거마365 릴레이 저자강연회 - [공부하는 엄마에게] 송수진 작가와의 만남 접수 안내,(성인)성인
글마루,글마루(추가모집) 초1 그림책 하브루타 독서동아리 모집,(아동)초등학교 1학년
글마루,글마루[특별]독서교실 2(초3~4),(아동)초등3~4
글마루,글마루[특별]독서교실 1(초1~2),(아동)초등1~2
3호,3호[3분기 특강] Book작복작 동화요리(8-9세),(아동)초등 1~2학년
글마루,글마루[특별]로봇으로 배우는 자율주행 자동차(초5~6),(아동)초등5~6
글마루,글마루[특별] 가상현실 속 도서관 만들기(초3~4),(아동)초등3~4
위례,"위례[온라인] 길위의 인문학 : 마음의 표현, 몸의 언어 <춤 인문학 2>",(성인)성인
어린이,어린이[여름방학] 그림책 속 종이나라,(유아)유아 6~7세
가락몰,"가락몰[프로그램][가락몰, 열연하다]우리가 사랑한 명화",(누구나)
위례,위례책 읽어주세요 참여 어린이 모집 (일) 12시,(유아)6-7세 어린이
위례,위례책 읽어주세요 참여 어린이 모집 (일) 11시,(유아)6-7세 어린이
위례,위례책 읽어주세요 참여 어린이 모집 (일) 10시,(유아)6-7세 어린이
위례,위례책 읽어주세요 참여 어린이 모집 (토) 12시,(유아)6-7세 어린이
위례,위례책 읽어주세요 참여 어린이 모집 (토) 11시,(유아)6-7세 어린이
위례,위례책 읽어주세요 참여 어린이 모집 (토) 10시,(유아)6-7세 어린이
어린이,어린이[특별] 시니어 미디어 리터러시 - 우리 동네 환경 알리미,(시니어)65세 이상 15명
영어,영어북스피치,(아동)8~9세
가락몰,가락몰[길 위의 인문학] 우리는 무엇을 먹어야 하는가,(성인)음식에 관심이 많은 도서관 회원 누구나
돌마리,돌마리여름방학 독서교실2,(아동)초등 3~4학년
돌마리,돌마리여름방학 독서교실1,(아동)초등 1~2학년
위례,"위례[대면진행] 내 방안의 정원, 힐링원예",(성인)성인
1호,1호[온라인 강좌]스마트폰 북트레일러,(성인)
위례,위례[온라인] 인문학열전 : 삶의 방향을 제시하는 인문학 - 2. 기후의 힘,(성인)성인
1호,1호[여름방학 프로그램]도서관에서 만나요,(아동)초등 1~3학년
2호,2호미술사 산책,(성인)성인 15명
2호,2호뿌뿌차이나,(아동)초등 1~2학년 15명
2호,2호그림책을 품은 부모교육,(성인)성인 양육자 15명
2호,2호역사놀이터,(아동)초등 3~5학년 15명
2호,2호책놀이 팡팡,(유아)6~7세 10명
2호,2호책이랑 아이랑,(유아)4~5세 7팀 (보호자 동반) 
3호,3호[3분기] 메타버스 도서관 탐험대 프로그램(11-13세)_홈페이지 가입 후 바로,(아동)초등 4~6학년
3호,3호[★우수 참여자 우선 접수]3분기 Book작복작 동화요리(8-9세),(아동)초등 1~2학년
위례,"위례[대면진행] 길위의 인문학 : 마음의 표현, 몸의 언어 <춤 인문학 2>",(성인)성인
어린이,어린이[여름방학] 질문으로 만나는 그림책 하브루타,(아동)초등 2~3학년
어린이,어린이[여름방학] 사고력 쑥쑥 NIE,(아동)초등 3~4학년
잠실본동,잠실본동[북스타트]책이랑 놀이랑,(유아)유아 6 ~ 7세
글마루,글마루With Dream Catcher-영어그림책 놀이터(7월),(아동)초등1~3학년(도서관 정회원)
위례,위례[대면진행] 영어 리딩 고고,(아동)10~12세 10명
위례,위례[대면진행] 나도 나도 영어책,(아동)8~9세 10명
위례,"위례[대면진행] 어서와, 그림책 원예테라피",(아동)8~9세 10명
위례,위례[대면진행] 퐁당퐁당 그림책 여행,(유아)6~7세 10명
3호,3호[3분기 특강] Book작복작 동화요리(6-7세),(유아)6~7세
4호,4호[재능나눔 활동 어린이 참여자 모집] 영어 동화책 읽기 - 토요일 10-11시,(아동)7~9세 어린이
위례,위례[대면진행] 인문학열전 : 삶의 방향을 제시하는 인문학 - 2. 기후의 힘,(성인)성인
3호,3호[3분기]생각통통 과학독서 교실(10-11세)_홈페이지 가입 후 바로 접수 가능,(아동)초등 3~4학년
3호,3호[3분기] (온라인)슬기로운 미디어 생활(8~9세)_홈페이지 가입 후 접수가능,(아동)초등 1~2학년
위례,위례[온라인] 인문학열전 : 삶의 방향을 제시하는 인문학 - 1. 법철학,(성인)성인
3호,3호[★우수 참여자 우선 접수]3분기 Book작복작 동화요리(6-7세),(유아)6~7세
어린이,어린이[여름방학] 아빠랑 책놀이 풍덩,"(유아)(보호자동반) 4-5세,10명"
어린이,어린이[여름방학] Screen English ,(아동)초등 1-2학년
어린이,어린이[여름방학] 별별 세계문화,(아동)초등4~6학년
글마루,글마루[특별]동화 원예(6~7세),(유아)6~7세
글마루,글마루[특별] 동화 원예(초1~2),(아동)초1~2
글마루,글마루[3분기]I Love Story(4~5세),(유아)4~5세
글마루,글마루[3분기]I Love Story(6~7세),(유아)6~7세
글마루,글마루[3분기]I love Story(초1~2),(아동)초1~2
글마루,글마루[3분기] 쉽고 재미있는 이야기 한국사(초3~4),(아동)초3~4
글마루,글마루[3분기] 역사 속 영웅 이야기(초1~2),(아동)초1~2
어린이,어린이도서관 태교 교실 - 아가마중(7월),(성인)3개월 이상 임신부
가락몰,"가락몰[프로그램][가락몰, 열연하다]식문화탐구영역",(누구나)
영어,영어[북스타트] ABC Storytelling,(유아)6~7세
글마루,글마루그림책 리터러시-우리시대 그림책 작가 제2탄:[플라스틱섬] 이명애 작가와의 만남,(누구나)홈페이지 가입만 하면 누구나 신청 가능. 가족 중 한 사람만 회원 가입이 되어 있어도 참여할 수 있어요(전화 접수 가능(내선221))
영어,영어이야기가 있는 영어코딩,(아동)초등 4~6학년
돌마리,돌마리[북스타트 부모교육] 4강. 뇌발달과 부모의 역할,(성인)영유아 부모 및 양육자 20명
돌마리,돌마리[북스타트 부모교육] 3강. 나와 아기를 위한 그림책 고르기,(성인)영유아 부모 및 양육자 20명
위례,위례[대면진행] 인문학열전 : 삶의 방향을 제시하는 인문학 - 1. 법철학,(성인)성인
1호,1호[온라인 강의]아이랑 전통놀이 ,(성인)
거마,거마(난쌤의) 꿀잼 세계문화여행,(아동)초등4-5학년
거마,거마부모님과 함께 그림책 읽고 신나는 글쓰기,(아동)초등3-4학년
거마,거마그림책 팡팡 놀이수업,(아동)초등 1-2학년
거마,거마I Love Story(B),(유아)6-7세
거마,거마I Love Story(A),(아동)초등 1-2학년
영어,영어그림책과 뉴스로 배우는 슬기로운 미디어 생활,(아동)초등 2~4학년
위례,"위례[온라인] 길위의 인문학 : 마음의 표현, 몸의 언어 <춤 인문학 1>",(성인)성인
4호,"4호[청소년 온라인 프로그램] 청소년, 고전 함께읽기",(청소년)초등 5학년 ~ 중학 1학년
4호,4호[청소년 오프라인 프로그램] 북솔리언 또래상담자 (기본과정),(청소년)초등5학년 ~ 고등3학년
위례,"위례[대면진행] 길위의 인문학 : 마음의 표현, 몸의 언어 <춤 인문학 1>",(성인)성인
잠실본동,잠실본동[여름방학 프로그램] 그림책 바캉스,(아동)초등 1~2학년
2호,2호미디어랑 놀자,(아동)초등 1~2학년 15명
2호,2호그림책을 품은 아이,(유아)4-5세 (보호자 동반) 7팀
2호,2호그림책을 품은 엄마,(성인)성인 15명
위례,위례[대면진행] 미디어 리터러시 탐구생활 (8~9세),(아동)8~9세 어린이 10명
위례,위례[대면진행] 미디어 리터러시 탐구생활 (10~12세),(아동)10~12세 어린이 10명
가락몰,가락몰[길 위의 인문학] 이야기 속 음식 이야기,(성인)음식에 관심이 많은 도서관 회원 누구나
영어,영어박준형 작가와의 만남,(성인)성인
돌마리,돌마리[지혜학교] 요모조모 한국독립운동사,(성인)성인 20명(40대 이상 중 장년층 우선 접수)
어린이,어린이[문화가 있는 날] 송이파파 탐험대(6월) ,(아동)초등 4-6학년
어린이,어린이[2022 북스타트 부모교육]아이와 즐겁게 그림책 읽기,(성인)영유아 보호자 및 양육자
4호,4호[성인 오프라인 프로그램] 몸과 마음을 치료하는 원예테라피,(성인)55세 이상 성인 (1968년 이전 출생자)
1호,1호[온라인강의]슬기로운 미디어생활,(아동)초등1~2학년
어린이,"어린이[특별] 정원, 삶을 보살피는 초록의 미학",(성인)
글마루,글마루With Dream Catcher-영어그림책 놀이터(6월),(아동)초등1~3학년(도서관 정회원)
어린이,어린이도서관 태교 교실 - 아가마중(6월),(성인)3개월 이상 임신부
거마,거마365 릴레이 저자 강연회 접수안내(신지혜 작가와의 만남),(성인)성인
1호,1호[온라인 강의]에니어그램으로 행복한 우리 가족,"(성인)성인, 10명"
영어,영어그림책 하브루타 동아리,(아동)초등 4~6학년
1호,1호[프로그램]미디어로 아이와 소통하기,(성인)
잠실본동,잠실본동[길위의인문학] 지구를 살리는 인문학(온라인),(성인)
위례,위례[현장참여] 『왜 띄어 써야 돼?』 박규빈 작가와의 만남,(성인)14세 이상 청소년 및 성인
위례,위례[온라인참여]『왜 띄어 써야 돼?』 박규빈 작가와의 만남,(성인)14세 이상 청소년 및 성인
가락몰,"가락몰[프로그램][가락몰, 열연하다]지구를 위한 한걸음",(누구나)
2호,2호뿌뿌 차이나,(아동)초등 3~6학년 15명
2호,2호역사속으로 GOGO,(아동)초등 3~6학년 15명
2호,2호전통놀이 한마당,(아동)초등 1~2학년 10명
2호,2호책놀이 팡팡,(유아)6세~7세 10명
거마,"거마미술, 이미지로 세계를 담아내는 지혜",(성인)성인
3호,3호[2분기] Book적북적 책놀이(6~7세),(유아)6~7세
3호,3호[2분기] 뿌뿌까오 중국어(8~9세),(아동)초등 1~2학년
3호,3호[2분기 특강] 바른먹거리 체험 교육(6~7세),(유아)6-7세
글마루,글마루[도서관 지혜학교] 지혜로운 언어생활,(성인)
가락몰,가락몰[프로그램] 2022 도서관지혜학교 - 문화유산속의 지혜,(성인)
돌마리,돌마리[북스타트 부모교육] 2강. 그림책의 이해,(성인)영유아 부모 및 양육자 20명
돌마리,돌마리[북스타트 부모교육] 1강. 유아의 말 이해와 문해력의 관계,(성인)영유아 부모 및 양육자 20명
거마,거마문해력을 기르는 초등 글쓰기 접수안내,(아동)초등학교 4~6학년
영어,영어[강연]우리가 몰랐던 캐나다 이야기,(성인)성인
4호,4호[성인 오프라인 프로그램] 그림명상 테라피,(성인)
어린이,어린이[특별]『연필』김혜은 작가와의 만남,(아동)
거마,"거마IntelligencE와 함께하는 ""4차 산업혁명 시대 속 운영체제""",(아동)초등 4-6학년
거마,"거마IntelligencE와 함께하는 ""알고리즘이 뭘까? C++로 배워보자!""",(아동)초등 4-6학년
거마,"거마IntelligencE와 함께하는 ""컴퓨터의 언어, 파이썬!""",(아동)초등 4-6학년
어린이,어린이[문화가 있는 날] 송이파파 탐험대(5월),(아동)초등 5-6학년
가락몰,가락몰[길 위의 인문학] 역사가 만든 한국인의 음식,(성인)음식에 관심이 많은 도서관 회원 누구나
거마,거마200일간 우리동네 그림책 작가 되기,(성인)그림책 작가가 되고싶은 성인 누구나
4호,4호[성인 오프라인 프로그램] 행복을 배달하는 북솔리언 심리상담,(성인)
잠실본동,잠실본동[길위의인문학] 지구를 살리는 인문학(오프라인),(성인)
글마루,글마루그림책 리터러시-우리시대 그림책 작가 제1탄: [한입만] 경혜원 작가와의 만남 ,(누구나)홈페이지 가입만 하면 누구나 신청 가능. 가족 중 한 사람만 회원 가입이 되어 있어도 참여할 수 있어요(전화 접수 가능(내선221))
가락몰,가락몰[프로그램]블라인드북(당신을 위한 특별한 선물),(누구나)
잠실본동,잠실본동[동네배움터]마크라메 소품 만들기,(성인)성인
잠실본동,잠실본동[동네배움터]나를 발견하는 그림책수업,(성인)성인
영어,영어[5월 특별프로그램] 쿠키 비누 만들기(B),(유아)6~7세
영어,영어[5월 특별프로그램] 쿠키 비누 만들기(A),(아동)8~9세
글마루,글마루With Dream Catcher-영어그림책 놀이터(5월),(아동)초등학교 1~3학년 (도서관 정회원)
영어,영어영어책 리터러시 동아리,(성인)영어책 읽기에 관심이 있는 성인 10명
위례,위례<누가 내 머리에 똥 쌌어?> 가정의 달 특별 손인형극 공연,(누구나)6세 이상 유아 및 어린이 40명
글마루,글마루쁘띠꼬숑의 그림책 클래식 콘서트,(누구나)
3호,3호[가정의 달 기념]Book작복작 동화요리(8-9세 가족),(아동)8~9세 자녀 동반 5가족
3호,3호[가정의 달 기념]Book작복작 동화요리(6-7세 가족),(유아)6~7세 자녀 동반 5가족
어린이,어린이[동아리]살아 있는 옛이야기,"(시니어)55세 이상 누구나, 10명"
가락몰,가락몰[프로그램/아동][대면]그림책과 함께하는 종이접기,(아동)7 ~ 9세 아동 8명
4호,4호[개관12주년]책방 속 마법 우체국(온라인 마술 공연),(누구나)연령제한없음
돌마리,돌마리카네이션 카드 만들기,(아동)초등3~5학년 8명
영어,영어어린이 미디어 큐레이터,(아동)초등 2~3학년
글마루,글마루그림책 시민문화살롱; 우리시대 그림책 작가 탐구,(성인)도서관 정회원
가락몰,"가락몰[프로그램][가락몰, 열연하다]슬기로운 용돈생활",(아동)아동
4호,4호[어린이 온라인 프로그램] (송파가 송파하리)명화 속 숨은 마음 찾기,(아동)초등학교 3~4학년
영어,영어영어책 리터러시 워크샵,(성인)성인
가락몰,가락몰[특별][세계책의날기념]팝업북 체험[4.24(일) 3차시],(누구나)
가락몰,가락몰[특별][세계책의날기념]팝업북 체험[4.24(일) 2차시],(누구나)
가락몰,가락몰[특별][세계책의날기념]팝업북 체험[4.24(일) 1차시],(누구나)
가락몰,가락몰[특별][세계책의날기념]팝업북 체험[4.23(토) 3차시],(누구나)
가락몰,가락몰[특별][세계책의날기념]팝업북 체험[4.23(토) 2차시],(누구나)
가락몰,가락몰[특별][세계책의날기념]팝업북 체험[4.23(토) 1차시],(누구나)
돌마리,돌마리전지적 그림책 시점,(성인)성인
돌마리,돌마리세계가 보이는 이야기 한국사,(아동)초등3-4학년
돌마리,돌마리사고력을 키우는 책놀이터,(아동)초등1-2학년
돌마리,돌마리책이랑 놀자,(유아)6-7세
1호,1호[온라인 강의] 책으로 봄,"(아동)초등 3~4학년, 10명"
어린이,어린이[문화가 있는 날] 송이파파 탐험대(4월),(아동)초등4-6학년
어린이,어린이[특별] 꼼지락 공방 2,(아동)초등3-4학년
어린이,어린이[특별] 꼼지락 공방 1,(아동)초등1-2학년
글마루,글마루검정고무신 만화가 <이우영 작가와의 만남> ★★마감임박,(누구나)누구나 50명
3호,3호[2분기] 내 아이를 위한 비주얼씽킹,(성인)성인 10명(초등 대상 자녀를 둔 학부모)
3호,3호[2분기] 책과 함께 연극놀이,(아동)초등 3~4학년
3호,3호[2분기] 뿌뿌까오 중국어,(아동)초등 1~2학년
3호,3호[2분기] 연극하며 놀자,(아동)초등 1~2학년
3호,3호[2분기] Book적북적 책놀이,(유아)6~7세
어린이,어린이[특별]  『호랑이 생일날이렷다』 강혜숙 작가와의 만남,(아동)
가락몰,가락몰[프로그램] 독서가 주는 놀이,(아동)송파구통합도서관 아동회원 (8세~13세)
가락몰,가락몰[프로그램]컬러링 책갈피 만들기,(누구나)
글마루,글마루[재능기부] 캘리그라피 연구 동아리,(성인)성인 30~50대
글마루,글마루[재능기부] 영어 그림책 연구 동아리,(성인)성인 30~40대
가락몰,"가락몰[프로그램][가락몰, 열연하다] 낱말퍼즐로 알아보는 그리스로마신화 ",(누구나)
4호,"4호[성인 온라인 프로그램]마음 필사, 손으로 읽는 시와 그림책",(성인)성인
영어,영어[도서관주간] 세계 도서관 지도 만들기(B),(아동)8~10세
영어,영어[도서관주간] 세계 도서관 지도 만들기(A),(아동)8~10세
3호,3호[2분기 특강] 메타버스 체험 프로그램,(아동)초등 4~6학년
위례,위례[온라인] 도서관주간행사 - 업사이클링 북아트 (고학년),(아동)초등 4~6학년
위례,위례[온라인] 도서관주간행사 - 업사이클링 북아트 (저학년),(아동)초등 1~3학년(보호자 동반)
글마루,글마루초3  그림책 하부르타 독서동아리 모집,(아동)초등학교 3학년(도서관 정회원)
글마루,글마루초2 그림책 하부르타 독서동아리 모집,(아동)초등학교 2학년(도서관 정회원)
글마루,글마루초1 그림책 하부르타 독서동아리 모집,(아동)초등학교 1학년 (도서관 정회원)
잠실본동,잠실본동[특별]미디어 리터러시 바로 알기,"(성인)성인, 시니어"
글마루,글마루With Dream Catcher:영어그림책 놀이터(4월),(아동)초등1~3학년
글마루,글마루[2분기] 메타버스 크리에이터 제페토[초5~6],(아동)초5~6
글마루,글마루[2분기] 3D 프린터 모델링,(아동)초3~4
글마루,글마루[2분기] I Love Story[초1~2],(아동)초1~2
글마루,글마루[2분기] I Love Story [6~7세],(유아)6~7세
글마루,글마루[2분기] 쉽고 재미있는 이야기 한국사[초3~5],(아동)초등3~5학년
글마루,글마루[2분기] 역사 속 영웅 이야기[초1~2],(아동)초1~2학년
위례,위례[온라인] 퐁당퐁당 그림책 여행,(아동)6-7세 어린이
위례,위례[온라인] 영어 리딩 고고,(아동)10~12세 어린이
위례,위례[온라인] 나도 나도 영어책,(아동)8~9세 어린이
위례,"위례[온라인] 풍덩, 즐거운 과학놀이",(아동)9~10세 어린이
위례,위례[온라인] 만만한 역사 이야기,(아동)10~12세 어린이
4호,4호[도서관주간 특별]조미자 작가와 함께하는 <감정그림책으로 마음알기!>,(아동)초등 3~6학년
3호,3호[2분기 특강] Book작복작 동화요리,(유아)6~7세
거마,거마토닥토닥 마음챙김 그림책 테라피,(성인)20세 이상의 성인
거마,거마그림책과 뉴스로 배우는 과학탐구,(아동)초등 4-5학년
거마,거마펀펀 위인 한국사,(아동)초등 2-3학년
거마,거마독서 비타민,(아동)초등 1-2학년
거마,거마I Love Story,(유아)6-7세
돌마리,돌마리그리면서 힐링하는 패턴아트,(아동)초등 3~5학년 10명
어린이,어린이송이파파 탐험대(3월),(아동)초등 4-6학년
영어,영어[상반기] Sing Along!,(유아)6~7세
영어,영어[상반기] Storytime,(아동)8~9세
영어,영어[상반기] Book Club(B),(아동)10~11세
영어,영어[상반기] Book Club(A),(아동)8~9세
거마,거마문해력을 기르는 슬기로운 미디어 생활(취소),(아동)초등 4~6학년
위례,위례[온라인] 『책 너는 날』 강현선 작가와의 만남,(성인)14세 이상 청소년 및 성인
어린이,어린이[2022년 상반기] 그림책 똑똑 과학놀이,(아동)초등2-3학년
어린이,"어린이[2022년 상반기] 하부르타, 책으로 대화하자",(아동)초등 3-4학년
어린이,어린이[2022년 상반기] 한 발짝 두 발짝 세계사 탐방하기,(아동)초등 4-6학년
어린이,어린이[2022년 상반기] Join English,(아동)
어린이,어린이[2022년 상반기] Enjoy English ,(유아)
2호,2호[특별] 감정 코칭으로 우리아이 회복탄력성 키우기,(성인)성인 20명
2호,2호[특별] 하마쌤과 함께하는 온 가족 인형극장,(누구나)연령제한 없이 누구나 20명
어린이,어린이[2022년 상반기] 그림책이랑 놀자,(유아)
잠실본동,"잠실본동[프로그램] 내 마음에 콕, 그림책",(아동)초등 1~2학년
거마,거마365 릴레이 저자강연회 접수 안내,(성인)성인
어린이,어린이[2022년 상반기] 책놀이 풍덩,(유아)보호자 동반
4호,4호[성인 온라인 프로그램]그림책 큐레이션으로 우리 아이 문해력 기르기,(성인)성인 15명
4호,"4호[어린이 온라인 프로그램]질문을 잇다, 그림책 하브루타","(아동)초등 4~5학년, 10명"
4호,4호[어린이 온라인 프로그램]창의력 쑥쑥!!예술 융합 하브루타,"(아동)초등 2~3학년, 10명"
영어,영어[봄방학] 영어그림책 스토리텔링(초등 2/25 금),(아동)8~9세
영어,영어[봄방학] 영어그림책 스토리텔링(초등 2/23 수),(아동)8~9세
영어,영어[봄방학] 영어그림책 스토리텔링(유치 2/25 금),(유아)6~7세
영어,영어[봄방학] 영어그림책 스토리텔링(유치 2/24 목),(유아)6~7세
영어,영어[봄방학] 영어그림책 독서토론 C,(아동)12~13세
영어,영어[봄방학] 영어그림책 독서토론 B,(아동)10~11세
영어,영어[봄방학] 영어그림책 독서토론 A,(아동)8~9세
3호,3호[1분기] 연극하며 놀자,(아동)초등 1~2학년
3호,3호[1분기] Book적북적 책놀이,(유아)6~7세
3호,3호[1분기] 생각에 날개달기,(유아)6~7세
3호,3호[1분기] Book작복작 동화요리,(아동)초등 1~2학년
돌마리,돌마리전지적 그림책 시점,(성인)성인
돌마리,돌마리세계가 보이는 이야기 한국사,(아동)초등3~4학년(2022년 기준)
돌마리,돌마리사고력을 키우는 책놀이터,(아동)초등1~2학년(2022년 기준)
돌마리,돌마리책이랑 놀자,(유아)6~7세(2022년 기준)
어린이,어린이[특별] album[s] 그림책: 글·이미지·물성으로 지은 세계,(성인)성인
돌마리,돌마리겨울방학 독서교실2,(아동)초등 3~4학년(2021년 기준)
돌마리,돌마리겨울방학 독서교실1,(아동)초등 1~2학년(2021년 기준)
글마루,글마루[특별] 가자~ 가상현실 속으로~[초4~5],(아동)초등4~5학년
글마루,글마루[특별] 독서교실2[초3~4],(아동)초등3~4학년
글마루,글마루[특별] 독서교실 1[초1~2],(아동)초등1~2학년
글마루,글마루[1분기] I Love Story[초1~2],(아동)초등1~2학년(2022년 기준)
글마루,글마루[1분기] I Love Story[6~7세],(유아)6~7세(2022년 기준)
글마루,글마루[1분기] 쉽고 재미있는 이야기 한국사[초3~5],(아동)초등3~5학년(2022년 기준)
글마루,글마루[1분기] 역사 속 영웅 이야기[초1~2],(아동)초1~2학년(2022년 기준)
위례,위례[온라인] 유설화 작가와의 만남,(성인)청소년 및 성인 30명
2호,2호[특별] 하마쌤과 함께하는 옛날 옛적에,(누구나)연령제한 없이 누구나 20명
어린이,어린이[겨울방학] 나만의 책 만들기,(아동)초등 1-3학년(21년 기준)
거마,거마IntelligencE와 함께하는 '미래기술의 장막을 걷다!',(청소년)2022년도 예비 중1 - 3
어린이,어린이[겨울방학] 아빠랑 책놀이 풍덩,(유아)유아 4-5세(21년 기준)
어린이,어린이[겨울방학] 랜선 중앙박물관 나들이,(아동)초등 3-4학년(21년 기준)
어린이,어린이[겨울방학] 스크린 영어,(아동)초등 1-2학년(21년 기준)
거마,거마(겨울방학) 그림책 필사의 즐거움,(성인)성인
거마,거마(겨울방학) 그림책 테라피,(성인)성인
거마,거마(겨울방학) 드라마속 왕들의 모습으로 본 조선후기 르네상스 시대,(아동)12~14세
거마,거마(겨울방학) 그림책 과학탐구 교실,(아동)
거마,거마(겨울방학) I LOVE STORY,(아동)
어린이,어린이[겨울방학] 장르문학으로 사회 읽기,(아동)초등 5-6학년(21년 기준)
2호,2호[방학] 뿌뿌 차이나,(아동)초등 3~6학년 10명
2호,2호[방학] 책놀이 팡팡,(유아)6~7세 10명
2호,2호[방학] 전통놀이 한마당,(아동)초등 1~2학년 10명
2호,2호[방학] 역사 놀이터,(아동)초등 3~6학년 10명
위례,위례[온라인] 다르지만 닮은 세상탐험,(아동)초등 3-5학년(11~13세)
위례,"위례[온라인] 풍덩, 즐거운 과학놀이",(아동)초등 2-3학년(10~11세)
위례,위례[온라인] 나도 나도 영어책,(아동)초등 1-2학년(9~10세)
위례,위례[온라인] 퐁당퐁당 그림책 여행,(유아)유아 7-8세
글마루,글마루한 책 읽고 토론하자!(긴긴밤),(성인)
글마루,글마루[온라인 가족 뮤지컬] 책 먹는 여우 뮤지컬,(누구나)
잠실본동,잠실본동(겨울방학 프로그램)알콩달콩 그림책놀이,(아동)초등 1~3학년(2021년 기준)
어린이,어린이[겨울특별프로그램] 송이파파 탐험대,(아동)초등 5-6학년
어린이,어린이[겨울특별프로그램] 꼼지락 공방2,(아동)초등 3-4학년
어린이,어린이[겨울특별프로그램] 꼼지락 공방1,(아동)초등 1-2학년
어린이,어린이[겨울특별프로그램] 『엄청난 눈』 박현민 작가와의 만남,(유아)유아 6-7세
글마루,글마루with Dream Catcher: 영어그림책 놀이터(12월),(아동)초등1~3학년
영어,영어[개관10주년기념] 영어 독서 토론,(성인)성인 5명
영어,영어[개관10주년기념] Books & Science (12월10일),(아동)10~11세
영어,영어[개관10주년기념] Books & Science (12월3일),(아동)10~11세
영어,영어[개관10주년기념] Happy Birthday! (12월9일),(아동)8~9세
영어,영어[개관10주년기념] Happy Birthday! (12월2일),(아동)8~9세
영어,영어[개관10주년기념] Books & Art (12월8일),(유아)6~7세
영어,영어[개관10주년기념] Books & Art (12월1일),(유아)6~7세
영어,영어[개관10주년 기념] 영어 독서 강연,(성인)성인 20명
2호,2호[특별] 하마쌤이 들려주는 옛날 이야기,(유아)5~8세 10명
위례,위례[온라인/문화가있는날] 12월 인문학열전 : 다시 보는 5만 년의 역사,(성인)성인
가락몰,가락몰[프로그램/아동] 손으로 읽는 그림책(북아트),(아동)초등학생 4~6학년
3호,3호[2교시] book잼 동아리와 함께 하는 그림책 놀이 bookbook,(유아)5~7세
3호,3호[1교시] book잼 동아리와 함께 하는 그림책 놀이 bookbook,(유아)5~7세
글마루,글마루with Dream Catcher: 영어그림책 놀이터,(아동)초등저학년
1호,1호[온라인 강의] 그림책의 새로운 트렌드,(성인)성인(20명)
가락몰,가락몰[프로그램/아동] 내 손으로 만든 명장면(북아트),(아동)초등학교 1학년 ~ 3학년
가락몰,가락몰키오스크 활용 교육,(시니어)시니어
3호,"3호다문화, 그림책 속 미술에 반하다",(성인)결혼이주여성 및 시니어 
돌마리,돌마리김향수 작가의 어른을 위한 특별한 그림책 강연,(성인)그림책을 좋아하는 성인
위례,위례[온라인/문화가있는날] 11월 인문학열전 : 서유기,(성인)성인
어린이,어린이[문화가 있는 날] 송이파파 탐험대(11월)(수정),(아동)초등 4~6학년
1호,1호[온라인 강의] 그림책 속 원예놀이 ,(아동)초등1~2학년(10명)
1호,1호[온라인 강의] 그림책 속 자연놀이,(아동)초등3~4학년(10명)
거마,거마내 자녀 문해력 다지기,(성인)성인
어린이,어린이[송파가 송파하리] 그림책 오픈 스튜디오 호수 - 모두를 위한 그림책,(성인)성인
3호,"3호다문화, 그림책 속 미술에 반하다",(성인)결혼이주여성 및 시니어 선주민
어린이,어린이[송파가 송파하리] 그림책 오픈 스튜디오 호수 - 현장 참석(4회차),(성인)성인
어린이,어린이[송파가 송파하리] 그림책 오픈 스튜디오 호수 - 현장 참석(3회차),(성인)성인
어린이,어린이[송파가 송파하리] 그림책 오픈 스튜디오 호수 - 현장 참석(2회차),(성인)성인
어린이,어린이[송파가 송파하리] 그림책 오픈 스튜디오 호수 - 현장 참석(1회차),(성인)성인
위례,위례[오프라인/특별] 색다른 색 이야기 추가모집,(성인)성인
거마,거마용인외대부고 IntelligencE와 함께해요 코딩으로 악기만들기,(청소년)중학생 1-3학년
3호,3호그림책 하브루타 (대상 수정),(아동)초등학생 2~4학년
가락몰,가락몰[프로그램] 내가 만드는 북트레일러,(아동)초등학생 4~6학년
1호,"1호[온라인 강의] 그림책과 서양미술사(11월19일,26일)로 일정변경",(성인)성인(20명)
1호,1호[온라인 강의] 그림책 읽는 너,(유아)유아6~7세(10명)
1호,1호[온라인 강의] 그림책 읽는 나,(아동)초등1~2학년(10명)
3호,3호라탄공예 모집,(성인)성인
위례,"위례[온라인/특별] 우리의 아름다움, 전통매듭",(성인)성인 20명
1호,1호[온라인 강의] 그림책 연극놀이,(아동)초등3~4학년(12명)
1호,1호[온라인 강의] 스마트폰 활용교육(전화접수마감),(시니어)65세 이상 성인(10명)
4호,4호[성인 온라인 프로그램]10대 마음을 여는 부모 대화법,(성인)성인 20명
위례,위례[온라인/특별] 오감발달 유리드믹스,(유아)보호자 동반 10~36개월 영유아
위례,위례[온라인/특별] 슬기로운 리터러시 탐구생활,(아동)10~13세 어린이
3호,3호나와 세상을 이어주는 미디어 알아보기(대상 수정),(아동)초등학생 2~5학년
거마,거마어린이 그림책 하브루타(초등4~6학년),(아동)초등학교 4~6학년
거마,거마어린이 그림책 하브루타(초등1~3학년),(아동)초등1~3학년
어린이,어린이[재능나눔] 10월 ESC와 함께하는 즐거운 과학실험실,(유아)초등 1-2학년
위례,위례[온라인/특별] 나를 찾아 떠나는 에니어그램,(성인)성인
2호,2호[정기] 한통 한통 중국어,(아동)초등학교 3~4학년 10명
2호,2호[정기] 과학을 담은 책 속 여행,(아동)초등학교 1~2학년 10명
2호,2호[정기] 책놀이 팡팡,(유아)6~7세 10명
2호,2호[정기] 역사속으로 GOGO,(아동)초등학교 4~6학년 10명
글마루,글마루어른을 위한 그림책테라피,(성인)성인(송파구통합도서관 정회원)
4호,4호[특별 프로그램]뮤직테라피,(누구나)누구나 총 10명
글마루,글마루With Dream Catcher : 영어그림책 놀이터,(아동)초등 저학년
글마루,글마루추가모집(초등3학년)그림책 하부르타,(아동)초등학교 3학년
글마루,글마루추가모집(초등2학년)그림책 하부르타,(아동)초등학교 2학년
글마루,글마루추가모집 (초등1학년)그림책 하부르타,(아동)초등학교 1학년
4호,4호[성인 온라인 프로그램]엄마의 그림책 TALK TALK,(성인)성인 10명
돌마리,돌마리북(BOOK)콘택트,(성인)성인
돌마리,돌마리세계가 보이는 이야기 한국사,(아동)초등3~4학년
돌마리,돌마리사고력을 키우는 책놀이터,(아동)초등1~2학년
돌마리,돌마리책이랑 놀자,(유아)6~7세
위례,위례[온라인/문화가있는날] 10월 인문학열전 : 모비딕,(성인)성인
위례,위례[오프라인/특별] 색다른 색 이야기,(성인)성인
어린이,어린이[문화가 있는 날] 송이파파 탐험대(10월),(유아)초등 3~6학년
어린이,어린이[북스타트부모교육] 인공지능 시대 새로운 그림책 활용법,(성인)영유아 양육자
영어,영어[그림책 하브루타] 초등B (4~6학년),(아동)초등 4~6학년
영어,영어[그림책 하브루타] 초등A (1~3학년),(아동)초등 1~3학년
위례,위례[온라인/정기] 유준재 작가와의 만남,(성인)청소년 및 성인 30명
4호,4호[그림책 시민 문화 살롱: 노인경 작가] 동아리 회원 모집,(성인)성인 8명
3호,3호[온라인] 그림책 시민문화 살롱 1기,(성인)성인
글마루,글마루[4분기] 3D 프린터 모델링[초3~4],(아동)초등3~4학년
글마루,글마루[4분기] 3D 프린터 모델링[초5~6],(아동)초등5~6
글마루,글마루[4분기] I love story[초1~2],(아동)초등1~2학년
글마루,글마루[4분기] I love story[6~7세],(유아)6~7세
글마루,글마루[4분기] I love story[4~5세],(유아)4~5세
글마루,글마루[4분기] 쉽고 재미있는 이야기 한국사[초3~5],(아동)초등3~5
글마루,글마루[4분기] 역사 속 영웅 이야기[초1~2],(아동)초1~2학년
4호,4호[성인 온라인 프로그램]자녀와 소통하는 글쓰기,(성인)성인 20명
위례,위례[온라인/정기] 즐거운 과학놀이,(아동)8~9세 어린이 
위례,위례[온라인/정기] 퐁당퐁당 그림책 여행,(유아)6~7세 유아
위례,위례[온라인/정기] 나도나도 영어책,(아동)8~9세 어린이
위례,"위례[오프라인/특별] 다문화, 책과 영상으로 소통하다",(성인)결혼이민자 및 외국인
위례,위례[오프라인/특별] 다 함께 리딩 고고,(아동)10~12세 어린이
위례,위례[오프라인/특별] 다르지만 닮은 세상 탐험,(아동)10~12세 어린이
영어,영어[그림책 시민문화살롱] 작가연구동아리,(성인)성인 10명
어린이,어린이[송파가 송파하리] 그림책으로 생각 키우기,(아동)초등 1-2학년
3호,3호그림책 시민문화 살롱 1기,(성인)성인 (오프라인모임)
어린이,어린이[송파가 송파하리] 질문으로 만나는 그림책,(아동)초등 3 ~ 4학년
어린이,어린이[송파가 송파하리] 그림책 시민문화 살롱,(성인)성인
거마,거마그림책 시민문화살롱 회원모집(★온라인모임★) ,(성인)성인
거마,거마실버 공예 교실,(시니어)65세 이상 성인
거마,거마그림책 리터러시,(성인)성인
거마,거마시 쓰는 도서관,(성인)성인
거마,거마시간여행자의 역사속 인물일기,(아동)초등 4~6학년
거마,거마독서비타민,(아동)초등 2~3학년
거마,거마호기심 그림책 과학교실,(아동)초등1학년
거마,거마I LOVE STORY,(유아)6-7세 어린이
글마루,글마루그림책 시민문화 살롱 모집 안내,(유아)성인 5명
글마루,글마루[실버 동화요리]에그 마니 샌드위치 만들기,(시니어)65세 이상 성인
글마루,글마루[실버 동화요리]새둥지 베이글 만들기,(성인)65세 이상 성인
1호,1호[온라인 동아리 활동] 그림책 시민문화 살롱: 고정순 작가,(성인)성인(5명 이상)
돌마리,돌마리그림책 시민문화 살롱 1기,(성인)성인
잠실본동,잠실본동[그림책 시민문화 살롱: 서현 작가] 동아리회원 모집 ,(성인)성인
글마루,"글마루(With 글마루이야기꾼) 실전, 전래동화 인형극 참여자 모집",(시니어)시니어
잠실본동,잠실본동(2021 한 책 톺아보기)온라인 독서토론교실,(아동)초등 3~5학년
3호,3호[미디어 리터러시]두런두런 미디어 살롱,(성인)성인
거마,"거마풍경 아크릴화, 어반스케치",(성인)성인
어린이,"어린이[길 위의 인문학] 삶을 잇는 공간, 나를 읽는 공간: 제 3의 공간 - 나에게 힘이 되는 공간들",(성인)성인
4호,4호그림책 하브루타 참여어린이 모집,(아동)7~9세 어린이
위례,위례그림책하브루타 참여어린이 모집 (일) 12-13시,(유아)6-7세 어린이
위례,위례그림책하브루타 참여어린이 모집 (일) 11-12시,(유아)6-7세 어린이
위례,위례그림책하브루타 참여어린이 모집 (일) 10-11시,(유아)6-7세 어린이
위례,위례그림책하브루타 참여어린이 모집 (토) 12-13시,(유아)6-7세 어린이
위례,위례그림책하브루타 참여어린이 모집 (토) 11-12시,(유아)6-7세 어린이
위례,위례그림책하브루타 참여어린이 모집 (토) 10-11시,(유아)6-7세 어린이
위례,위례[온라인/그림책시민문화살롱] 동아리회원 모집,(누구나)성인
2호,2호[특별] 그림책 시민문화 살롱,(성인)성인 10명
어린이,어린이[특별] 상형문자로 배우는 이집트 신화,초등 4-6학년
어린이,어린이꼬마둥이들의 스토리타임,유아 6-7세
돌마리,돌마리돌마리 마을기록학교,(아동)초등 4~6학년
글마루,글마루With Dream Catcher: 영어그림책 놀이터,(아동)초등 저학년
3호,3호한 책과 함께하는 책놀이-초등3~4,(아동)초등3~4학년 10명
3호,3호한 책과 함께하는 책놀이-초등1~2,(아동)초등1~2학년 10명
4호,4호[초등 온라인 프로그램]그림책과 뉴스로 배우는 미디어 탐험,(아동)초등 3~4학년
3호,3호book적북적 책놀이,(유아)6~7세
3호,3호연극하며 놀자,초등 1~2학년
돌마리,"돌마리아트 테라피, 패턴아트",(성인)성인
3호,3호뿌뿌까오 중국어,초등 1~2학년
3호,3호생각에 날개달기,초등 1~2학년
3호,3호생각 통통 과학 독서교실,초등 3~4학년
영어,영어[2021 하반기-2차] Sing Along,(유아)6~7세
영어,영어[2021 하반기-2차] Storytime,(아동)8~9세
영어,영어[2021 하반기-2차] Book Club C,(아동)12~13세
영어,영어[2021 하반기-2차] Book Club B,(아동)10~11세
영어,영어[2021 하반기-2차] Book Club A,(아동)8~9세
4호,4호[성인 온라인 프로그램]자연을 닮은 프랑스 자수,(성인)성인 6명
어린이,어린이[하반기]책놀이 풍덩,유아 4-5세(보호자 동반)
어린이,어린이[독서의 달]「알바트로스의 꿈」신유미 작가와의 만남,초등 전학년
어린이,어린이[하반기]역사로 생각 넓히기,초등 3-5학년
가락몰,가락몰[프로그램] 스마트폰활용교육안내,(시니어)65세 이상
가락몰,가락몰프로그램 TEST 입니다.,모두
2호,2호[특별] 미술아 놀자! - 디자인 편,(아동)초등학교 4~6학년 10명
어린이,어린이[문화가 있는 날] 송이파파 탐험대(9월),초등 3-6학년
거마,거마북스타트 프로그램 짝짜꿍 책놀이,(유아)4-5세 어린이 및 양육자
가락몰,가락몰프로그램 TEST 입니다.,모두
영어,영어이야기가 있는 영어코딩(2기),(아동)초등 4~6학년 (8명)
어린이,어린이[하반기]그림책 똑똑 과학놀이,초등 2-3학년
위례,위례[온라인/문화가있는날] 9월 인문학열전 : 노인과바다,(성인)성인
위례,위례[온라인/특별] 이수지 작가와의 만남,(성인)청소년 및 성인 100명
4호,4호[길 위의 인문학]인문학적 미래 탐험 후속모임(SF영화소설리뷰 영상제작),(성인)성인
어린이,어린이[하반기]그림책이랑 놀자,6-7세
4호,"4호[초등 온라인 프로그램]나만의 특별한 악기, 칼림바",(아동)초등 4~6학년
영어,영어[북스타트] ABC 스토리텔링 (2차),(유아)6~7세
영어,영어[북스타트] ABC 스토리텔링 (1차),(유아)6~7세
어린이,어린이[공방체험] 10.14.(목) 플라워 아트,성인
어린이,어린이[공방체험] 10.7.(목) 목공예,성인
어린이,어린이[공방체험] 9.28.(화) 라탄 공예,성인
어린이,어린이[공방체험] 9.23.(목) 포슬린 아트,성인
어린이,어린이[공방체험] 9.16.(목) 플랜테리어,성인
어린이,어린이[공방체험] 9.9.(목) 스테인드글라스,성인
영어,영어[한책읽기]Books & Talk (B),(아동)초등 1~3학년
영어,영어[한책읽기]Books & Talk (A),(아동)초등 1~3학년
영어,영어[북스타트]효과적인 영어그림책 독서법(D),(성인)성인 15명
영어,영어[북스타트]효과적인 영어그림책 독서법(C) ,(성인)성인 15명
영어,영어[북스타트]효과적인 영어그림책 독서법(B),(성인)성인 15명
영어,영어[북스타트]효과적인 영어그림책 독서법(A),(성인)성인 15명
어린이,어린이[하반기]그림책이랑 놀자,유아 6-7세
어린이,어린이[하반기]Join English,초등 1-2학년
어린이,어린이[하반기]Enjoy English,유아 6-7세
어린이,어린이[2021 북스타트 부모교육]아이와 나를 연결하는 그림과 언어,영유아 보호자 및 양육자
영어,영어영어그림책 작가되기 프로젝트,(아동)10~13세
4호,4호[성인 온라인 프로그램]자녀와 상담하는 행복한 부모 리더십 프로그램,(성인)초·중·고등 학부모 8명
거마,거마용인외대부고 IntelligencE와 함께하는 게임으로 키워요 코딩사고력,초등 3~6학년
위례,위례[온라인/특별] <미운오리새끼> 블랙라이트 인형극 공연,(누구나)누구나
위례,위례[온라인/특별] 손으로 빚어내는 그림책 세상,(아동)10세~12세 어린이
거마,거마9월 독서의달 프로그램(보는책 노는책 팝업북 만들기),초등1-3학년
위례,위례[온라인/특별] 실버 동화요리,(시니어)성인
1호,1호[온라인 강의] 미디어로 만나는 세상,(아동)초등1~2학년(10명)
1호,1호[온라인 강의] 이야기 톡톡,(아동)초등1~2학년(10명)
1호,1호[온라인 강의] 책놀이 톡톡,(유아)유아6~7세(10명)
1호,1호[온라인 강의] 전통놀이 재미놀이,(유아)유아6~7세(10명)
1호,1호[온라인 강의] 미디어로 만나는 세상,(아동)초등 1~2학년(10명)
3호,3호[북스타트] 함께 책놀이,3~4세(양육자와 함께 참여)
4호,4호[길 위의 인문학]과학으로 떠나는 인문학적 미래 탐험,성인 30명
3호,3호[길위의인문학] 삶을 치유하는 인문학(추가모집),초등 3학년 이상
어린이,어린이[서울북스타트] 책놀이 딩동♬ - MYK리드미(10~24개월)(수정),10~24개월 영아와 보호자
2호,2호[특별] 미술아 놀자! - 서양화 편,(아동)초등학교 3~4학년 10명
2호,2호[특별] 한 책과 함께하는 우리 토론해볼까?,(아동)초등학교 3~6학년 10명
2호,2호[특별] 너는 나의 그림책,(성인)성인 양육자 20명
3호,3호[길위의인문학] 삶을 치유하는 인문학,초등 3학년 이상
잠실본동,잠실본동[특별] 그림책 산책 - 찐 어른을 위한 그림책 수업,(시니어)60세 이상 성인 15명
잠실본동,잠실본동[가을 프로그램] 그림책과 미술놀이,(아동)초등학교 1~3학년
어린이,어린이[재능나눔] 8월 ESC와 함께하는 즐거운 과학실험실,초등 1-2학년
글마루,글마루엄마표 독서지도 ,(성인)송파구통합도서관 정회원(성인) 10명
어린이,어린이한 책 독서교실 (4~6학년),초등 4~6학년
어린이,어린이한 책 독서교실 (1~3학년),초등 1~3학년
거마,거마[길위의 인문학] Part3. 역사속에서 만나는 걷기 ,성인
어린이,어린이[2021 북스타트 부모교육]어린이는 자유놀이를 찾아가는 위대한 탐험가,영유아 보호자 및 양육자
4호,4호[북스타트 프로그램] 아이와 그림책 나누는 시간,성인 10명
위례,위례[온라인/문화가있는날] 8월 인문학열전 : 페스트,(성인)성인
위례,위례[온라인/정기] 『빨간 여우의 북극 바캉스』오주영 작가와의 만남 모집안내,(아동)초등 1~3학년(보호자 동반)
영어,영어[한책읽기]Books & Talk (D),(성인)성인
영어,영어[한책읽기]Books & Talk (C),(성인)성인
영어,영어[한책읽기]Books & Fun (B),(아동)초등 1~3학년
영어,영어[한책읽기]Books & Fun (A),(아동)초등 1~3학년
3호,3호[동네배움터] 스마트폰을 활용한 북트레일러 만들기,성인
어린이,"어린이[길 위의 인문학] 삶을 잇는 공간, 나를 읽는 공간: 제 2의 공간 - 내가 성장하는 학교",초등 3-6학년
잠실본동,잠실본동[길위의인문학] <세대공감> 3차. 팬데믹 시대의 변화와 생존,(성인)성인
거마,거마조물조물 조소교실 ,초등 1-3학년
4호,4호[초등 온라인 프로그램]젠탱글로 디자인 감각 키우기,초등 3~4학년
4호,4호[길 위의 인문학]영화로 떠나는 인문학적 미래 탐험,성인
글마루,글마루[동화구연] 그림책이랑 놀자,(누구나)누구나
3호,3호[특별] 디자인으로 나를 표현하기,초등3~4학년
영어,영어[여름방학 미술특강]What's Your Color?,(아동)10~11세
1호,1호[온라인 강의] 미술 표현 놀이,(아동)초등 1~2학년(12명)
2호,2호[특별] 미술아 놀자! - 조소 편,(아동)초등학교 1~2학년 10명
돌마리,돌마리동화와 엔트리로 배우는 코딩,(아동)초등4~6학년
돌마리,돌마리[한책읽기]북(BOOK)콘택트,(성인)성인
돌마리,돌마리세계가 보이는 이야기 한국사,(아동)초등3~4학년
돌마리,돌마리사고력을 키우는 책놀이터,(아동)초등1~2학년
돌마리,돌마리[북스타트]책이랑놀자,(유아)6~7세
3호,3호[여름방학 프로그램] 꼬물꼬물 책놀이(수정),유아 6~7세
3호,3호[여름방학 프로그램] 칭칭 중국어,초등 1~2학년 
3호,3호[여름방학 프로그램] 미디어로 키우는 사고력 (추가모집),초등 4~6학년
1호,1호[온라인 강의] 과학을 담은 책 속 여행,초등3~4학년(10명)
2호,2호[특별] 신통방통 스마트폰 활용교육,(시니어)55세 성인 10명
위례,위례[온라인/특별] 우리아이 경제교실 : 11~13세,(아동)11~13세 20명
위례,위례[온라인/특별] 우리아이 경제교실 : 8~10세,(아동)8~10세(보호자동반)
위례,위례[온라인/특별] 우리아이 경제교실 : 6~7세,(유아)6~7세(보호자동반)
2호,2호[방학] 한통 한통 중국어,(아동)초등학교 1~2학년 10명
2호,2호[방학] 책놀이 팡팡,(유아)6~7세 10명
돌마리,돌마리슬기로운 미디어 리터러시 교실,(아동)초등1~2학년
2호,2호[방학] 책이랑 아이랑,(유아)3~5세와 보호자 10팀
2호,2호[방학] 역사 놀이터,초등학교 3~6학년 10명
어린이,어린이[재능나눔] 7월 ESC와 함께하는 즐거운 과학실험실,초등 1-2학년
가락몰,가락몰[길 위의 인문학/성인] 조선잡(JOB)학다식 3차 프로그램,(성인)성인
3호,3호[여름방학 프로그램] 책과 함께 연극놀이,초등 1~2학년
어린이,어린이[2021 북스타트 부모교육]그림책으로 아이와 소통하기,영유아 보호자 및 양육자
글마루,글마루3D 프린터 모델링[초3~4],초등3~4학년
글마루,글마루3D 프린터 모델링[초5~6],초등5~6
글마루,글마루독서교실 2[초3~4],초등3~4학년
글마루,글마루독서교실 1[초1~2],초등1~2학년
글마루,글마루I love story[초1~2],초등1~2학년
글마루,글마루I love story[6~7세],6~7세
글마루,글마루I love story[4~5세],4~5세
글마루,글마루쉽고 재미있는 이야기 한국사[초3~5],초등3~5
글마루,글마루역사 속 영웅 이야기[초1~2],초등1~2학년
4호,4호[길위의 인문학]소설로 떠나는 인문학적 미래 탐험,성인
영어,영어[2021 하반기] Sing Along,(아동)6~7세
영어,영어[2021 하반기] Storytime,(아동)8~9세
영어,영어[2021 하반기] Book Club C,(아동)12~13세
영어,영어[2021 하반기] Book Club B,(아동)10~11세
영어,영어[2021 하반기] Book Club A,(아동)8~9세
위례,위례[온라인/문화가있는날] 7월 인문학열전 : 파우스트,(성인)성인
위례,위례[온라인/정기] 다르지만 닮은 세상 탐험,(아동)어린이 10~12세
위례,위례[온라인/정기] 퐁당퐁당 그림책 여행,(유아)유아 6~7세
위례,위례[온라인/정기] 나도 나도 영어책,(아동)어린이 8~9세
돌마리,돌마리우리아이 경제교실(1~3학년),(아동)초등 1~3학년
어린이,어린이[여름특별] 그림책으로 마음 읽기,만 55세 이상
거마,거마집콕 랜선 국내여행,초등 4-6학년
거마,거마그림책과 뉴스로 배우는 초등 미디어 탐구생활,초등 4-6학년
거마,거마이미지 놀이 시 교실,초등 2-3학년
거마,거마호기심 그림책 과학놀이,초등 1학년
거마,거마I LOVE STORY,6-7세 어린이
거마,거마도리도리 책놀이,"4-5세 유아, 양육자 10팀"
어린이,어린이[여름특별] 색종이로 만나는 그림책,유아 6-7세(보호자 동반)
어린이,어린이[여름방학] 스크린 영어,초등 1-2학년
어린이,어린이[여름방학] 아빠랑 책놀이 풍덩,유아 4-5세(보호자 동반)
글마루,글마루2021년 길 위의 인문학 2차 프로그램,(성인)성인 10명
4호,4호[청소년 온라인 프로그램]북솔리언 또래상담자 기본 과정,초등 5학년~고등 3학년
어린이,어린이[여름특별] 투탕카멘으로 배우는 고대이집트 문명,(아동)초등 3-6학년
영어,영어이야기가 있는 영어코딩(Books & Coding),(아동)초등 4~6학년
돌마리,돌마리여름방학 독서교실2 (3~4학년),(아동)초등 3~4학년
돌마리,돌마리여름방학 독서교실1(1~2학년),(아동)초등 1~2학년
어린이,어린이[여름특별] 장현정 작가와의 만남(일정 변경),6-9세(보호자 동반)
글마루,글마루2021년 길 위의 인문학 1차 프로그램 안내,(아동)초등학생
어린이,어린이[여름특별] 그림책 연극 수업,초등 2-3학년
잠실본동,잠실본동(추가모집)디지털 세대를 위한 BOOK 트레일러 제작 수업,(청소년)중학교 1~2학년
4호,4호[초등 온라인 프로그램]도란도란 독서하브루타,초등 3~4학년
거마,"거마[길위의 인문학] Part2. 문학, 영화, 미술분야의 걷기 ",성인
어린이,어린이[재능나눔] 6월 ESC와 함께하는 즐거운 과학실험실,초등 1-2학년
거마,거마[도서관 지혜학교] 나의 가치를 찾아가는 철학의 지혜,성인
2호,2호[특별] 나는야 미디어 크리에이터,초등학교 4~6학년 10명
2호,2호[특별] 스마트폰 활용 교육 - 초급,60세 이상의 성인 10명
어린이,어린이[문화가 있는 날] 송이파파 탐험대(6월),초등 3-5학년
가락몰,가락몰[길 위의 인문학/성인] 조선잡(JOB)학다식 2차 프로그램,(성인)성인
어린이,어린이[길위의 인문학 후속프로그램] 내가 그리는 내가 꿈꾸는 집,"성인, 15명"
1호,1호[온라인 강의] 미디어 놀이터,초등3~4학년(12명)
잠실본동,잠실본동[길위의인문학] <세대공감> 2차. 언어에 담긴 우리의 일상,(성인)성인
위례,위례[온라인/문화가있는날] 6월 인문학열전 : 징비록,(성인)성인
위례,"위례[길위의 인문학] 인문학, 변화하는 인류의 삶과 미래사회를 탐험하다 (온라인 강의)",(성인)성인
글마루,글마루도서관지혜학교-인생2막을 설계하다(글쓰기를 통해 배우는 삶의 지혜),(시니어)성인
돌마리,돌마리[지혜학교]한국 역사에서 배우는 삶의 지혜,(성인)성인(40대 이상 중장년층 우선 접수)
2호,2호[특별] 식물로 함께 치유하는 인문학 - 서울숲 탐방 모집 안내,성인 20명
거마,거마용인외대부고 Intelligence E와 함께하는 우주 산업 따라잡기,초등 3~6학년
어린이,어린이[특별] 코봉이와 함께하는 코딩 첫걸음,초등 4-6학년
어린이,어린이[특별] 나의 마음 정원 가꾸기,만 55세 이상
위례,위례[온라인/정기]『숨바꼭질』김정선 작가와의 만남 모집안내,(성인)14세 이상의 청소년 및 성인
잠실본동,잠실본동[길위의인문학] <세대공감> 1차. 전지적 밀레니얼 시점,(성인)성인 15명
어린이,어린이[문화가 있는 날] 송이파파 탐험대(5월),초등 3-5학년
거마,거마[길위의 인문학] 그림탐방기(후속모임),성인
거마,거마[길위의 인문학] 토닥토닥 동네걷기(탐방),성인
거마,거마[길위의 인문학] 행복한 삶을 위한 걷기,성인
거마,"거마[길위의 인문학] 걷기, 두발의 철학",성인
거마,거마[길위의 인문학]Part 1. 행복한 삶을 위한 걷기,성인
가락몰,가락몰[아동] 길 위의 인문학『조선잡(JOB)학다식』1차 프로그램,(아동)초등학생 3~6학년
위례,위례[온라인/특별] 미디어직업탐구생활 10~11세,(아동)10~11세 어린이
위례,위례[온라인/특별] 미디어직업탐구생활 8~9세,(아동)8~9세 어린이
어린이,"어린이[길 위의 인문학] 삶을 잇는 공간, 나를 읽는 공간: 제 1의 공간 - 내가 사는 집",성인 누구나
1호,1호[온라인 강의] 에니어그램으로 아이와 함께 성장하기,성인(10명)
1호,1호[온라인 강의] (자녀를 위한) 미디어 들여다보기,성인(12명)
잠실본동,잠실본동[특별] 그림책 들여다보기,(성인)성인
위례,"위례[온라인/길위의 인문학] 인문학, 인류의 도전과 극복의 삶을 탐구하다",(성인)성인
2호,2호[특별] 미디어랑 놀자,초등학교 1~3학년 10명
2호,2호[특별] 언어에서 배우는 지혜,성인 20명
2호,2호[특별] 식물로 함께 치유하는 인문학 - 원예심리 편,성인 20명
4호,4호[초등 온라인 프로그램]달콤한 스트링 아트,초등 4-6학년
어린이,어린이[특별] 사고력 팡팡 NIE,초등 4-6학년
가락몰,가락몰2021 도서관 지혜학교『예술을 통해 생각해보는 삶의 의미와 가치』,(성인)성인 20명
잠실본동,잠실본동[특별] (오프라인참여)뻔하지 않은 책놀이 BOOK 트레일러,(성인)성인
잠실본동,잠실본동[특별] (온라인참여)뻔하지 않은 책놀이 BOOK 트레일러,(성인)성인
4호,4호[성인 온라인 프로그램]독독(獨讀)한 심리상담,(성인)성인
위례,위례[온라인/문화가있는날] 5월 인문학열전 : 이반데니소비치의 하루,(성인)성인
4호,4호[성인 온라인 프로그램]차이나는 VLOG 제작비법,성인
영어,영어[미디어교육] 슬기로운 미디어생활,(아동)9~10세
거마,거마Youth AI Lab과 함께하는 나도 배워보는 4차산업,초등학교 3 - 6학년
돌마리,돌마리초등 바른 먹거리 교육,(아동)초등 3~4학년
영어,영어[2021상반기-2차] Book Club A (초1~2),(아동)8~9세
영어,영어[2021상반기-2차] Book Club B (초3~4),(아동)10~11세
영어,영어[2021상반기-2차] Book Club C (초5~6),(아동)12~13세
영어,영어[2021상반기-2차] English Storytime (초1~2),(유아)8~9세
영어,영어[2021상반기-2차] Sing Along!(6~7세),(유아)6~7세
거마,거마I LOVE STORY (6-7세) (수정),어린이 6-7세
거마,거마호기심 그림책 과학탐구교실,초등 3-4학년
거마,거마대결! 역사 속 라이벌,초등1-3학년
가락몰,가락몰슬기로운 농부생활,(성인)성인
어린이,어린이[특별] 『비단 공장의 비밀』 김유진 작가와의 만남,7-11세
2호,2호[특별] 식물로 함께 치유하는 인문학 - 플랜테리어 편,성인 20명
잠실본동,잠실본동[길 위의 인문학] 주제도서 함께 읽기,(성인)성인
어린이,"어린이[개관기념] 책, 향기를 더하다!",초등 5-6학년
어린이,어린이[개관기념] 털실로 만나는 송이파파,초등 1-2학년
어린이,어린이[문화가 있는 날] 송이파파 탐험대(4월),초등 3-4학년
잠실본동,잠실본동 [특별] 디지털 시대의 미디어 리터러시와 NIE ,(성인)성인
돌마리,돌마리[가정의달]가족과 함께하는 동화와 엔트리로 배우는 코딩,(아동)초등 4~6학년 가족
돌마리,돌마리세계가 보이는 이야기 한국사,(아동)초등 3~4학년
돌마리,돌마리사고력을 키우는 책놀이터,(아동)초등 1~2학년
돌마리,돌마리북(BOOK)콘택트,(성인)성인
돌마리,돌마리책이랑 놀자,(유아)6~7세
1호,1호[온라인 강의] 북아트 톡톡,초등1~2학년(10명) 
글마루,글마루3D 프린터 모델링[초5~6],초등5~6
글마루,글마루KODU 3D 게임 코딩[초5~6],초등5~6
글마루,글마루엔트리로놀자[초3~4],초등3~4
글마루,글마루I love story[6~7세],6~7세
글마루,글마루I love story[4~5세],4~5세
글마루,글마루I love story[초1~2],초등1~2
글마루,글마루쉽고 재미있는 이야기 한국사[초3~5],초등3~5
글마루,글마루역사 속 영웅 이야기[초1~2],초등1~2
영어,영어[2021 도서관주간]그림책 만나기(2차),(아동)8~10세
영어,영어[2021 도서관주간]그림책 만나기(1차),(아동)8~10세
위례,위례[온라인/문화가있는날] 4월 인문학열전 : 목민심서,(성인)성인
글마루,글마루조물락 비누만들기 [16:45~16:55],(누구나)누구나
글마루,글마루조물락 비누만들기 [16:30~16:40] ,(누구나)누구나
글마루,글마루조물락 비누만들기 [16:15~16:25] ,(누구나)누구나
글마루,글마루조물락 비누만들기 [16:00~16:10] ,(누구나)누구나
글마루,글마루조물락 비누만들기 [15:45~15:55] ,(누구나)누구나
글마루,글마루조물락 비누만들기 [15:30~15:40] ,(누구나)누구나
글마루,글마루조물락 비누만들기 [15:15~15:25] ,(누구나)누구나
글마루,글마루조물락 비누만들기  [15:00~15:10],(누구나)누구나
글마루,글마루마스크 스트랩 만들기 [16:45~16:55],(누구나)누구나
글마루,글마루마스크 스트랩 만들기 [16:30~16:40],(누구나)누구나
글마루,글마루마스크 스트랩 만들기 [16:15~16:25],(누구나)누구나
글마루,글마루마스크 스트랩 만들기 [16:00~16:10],(누구나)누구나
글마루,글마루마스크 스트랩 만들기 [15:45~15:55],(누구나)누구나
글마루,글마루마스크 스트랩 만들기 [15:30~15:40],(누구나)누구나
글마루,글마루마스크 스트랩 만들기 [15:15~15:25],(누구나)누구나
글마루,글마루마스크 스트랩 만들기 [15:00~15:10],(누구나)누구나
위례,위례[온라인/정기]『앗! 피자』정호선 작가와의 만남,(성인)14세 이상의 청소년 및 성인
가락몰,가락몰과월호 잡지 나눔 >수령:3/26(금)10:00<,(누구나)송파구립도서관 정회원
가락몰,가락몰과월호 잡지 나눔 >수령:3/26(금)11:00<,(누구나)송파구립도서관 정회원
가락몰,가락몰과월호 잡지 나눔 >수령:3/26(금)14:00<,(누구나)송파구립도서관 정회원
가락몰,가락몰과월호 잡지 나눔 >수령:3/26(금)15:00<,(누구나)송파구립도서관 정회원
가락몰,가락몰과월호 잡지 나눔 >수령:3/26(금)16:00<,(누구나)송파구립도서관 정회원
가락몰,가락몰과월호 잡지 나눔 >수령:3/27(토)10:00<,(누구나)송파구립도서관 정회원
가락몰,가락몰과월호 잡지 나눔 >수령:3/27(토)11:00<,(누구나)송파구립도서관 정회원
가락몰,가락몰과월호 잡지 나눔 >수령:3/27(토)14:00<,(누구나)송파구립도서관 정회원
가락몰,가락몰과월호 잡지 나눔 >수령:3/27(토)15:00<,(누구나)송파구립도서관 정회원
가락몰,가락몰과월호 잡지 나눔 >수령:3/27(토)16:00<,(누구나)송파구립도서관 정회원
잠실본동,잠실본동[특별] 그림책과 함께 캐릭터 만들기,(아동)초등 1~3학년 15명
가락몰,가락몰과월호 잡지 신청,테스트용입니다.접수하지 마세요
2호,2호[정기] 한통 한통 중국어,초등학교 1~2학년 10명
2호,2호[정기] 책놀이 팡팡,6~7세 부모동반 10팀
2호,2호[정기] 책이랑 아이랑,3~5세 부모동반 10팀
위례,위례[온라인/정기]다르지만 닮은 세상 탐험,(아동)10세~12세
위례,위례[온라인/정기]퐁당퐁당 그림책 여행,(유아)6~7세
위례,위례[온라인/정기]나도 나도 영어책,(아동)8~9세
2호,2호[정기] 역사속으로 GO GO,초등학교 3~6학년 10명
위례,"위례[온라인/정기]풍덩, 그림책과 함께하는 즐거운 과학놀이",(아동)8~9세
영어,영어[2021상반기]Sing Along!(6~7세),(유아)6~7세
영어,영어[2021상반기]English Storytime (초1~2),(아동)8~9세
영어,영어[2021상반기]Book Club C (초5~6),(아동)12~13세
영어,영어[2021상반기]Book Club B (초3~4),(아동)10~11세
영어,영어[2021상반기]Book Club A (초1~2),(아동)8~9세
어린이,어린이[문화가 있는 날] 송이파파 탐험대(3월),초등 3-5학년
가락몰,가락몰테스트,테스트
위례,위례[온라인/문화가있는날][수정] 3월 인문학열전 : 시민정부론,(성인)성인
가락몰,가락몰근·현대사 북아트 <핸드메이드 히스토리>,(아동)초등학생 5~6학년
어린이,어린이[상반기]상형문자로 배우는 고대이집트 문명,초등 4-6학년
어린이,어린이[상반기]콩닥콩닥 한국사 나들이,초등 3-5학년
어린이,어린이[상반기]Join English,초등 1-2학년
어린이,어린이[상반기]그림책 똑똑 과학놀이,초등 2-3학년
어린이,어린이[상반기]그림책이랑 놀자,유아 6-7세
어린이,어린이[상반기]책놀이 풍덩,유아 4-5세(보호자 동반)
글마루,"글마루내가 바로, 유튜브 크리에이터(초등4~6)",(아동)초등 4~6학년
글마루,글마루엑셀 기초 실무 교육 (20~30대),(성인)20~30대 성인
어린이,어린이[문화가 있는 날] 송이파파 탐험대(2월),초등 3-5학년
1호,1호[온라인 강의] 가온 책놀이,초등3~4학년(10명) (2020년 기준)
1호,1호[온라인 강의] 라온 책놀이,초등1~2학년(10명) (2020년 기준)
거마,거마용인외대부고 Youth AI Lab과 동화책 만들기로 배워보는 인공지능,초등학교 3~6학년
영어,영어[2021 Spring Break]Storytelling 초등B,(아동)8~9세
영어,영어[2021 Spring Break]Storytelling 초등A,(아동)8~9세
영어,영어[2021 Spring Break]Storytelling 유치B,(유아)6~7세
영어,영어[2021 Spring Break]Storytelling 유치A,(유아)6~7세
영어,영어[2021 Spring Break]Book Club C,(아동)12~13세
영어,영어[2021 Spring Break]Book Club B,(아동)10~11세
영어,영어[2021 Spring Break]Book Club A,(아동)8~9세
3호,3호[문화가 있는 날]석촌동 고분 만들기,초등학교 4~6학년
위례,위례[온라인/문화가있는날] 2월 인문학열전 : 사피엔스,(성인)성인 
위례,위례[온라인/정기]『고구마구마』사이다 작가와의 만남,(성인)14세 이상의 청소년 및 성인
위례,위례[온라인/문화가있는날] 2월 인문학열전 : 사피엔스,(성인)성인
위례,위례[온라인/문화가있는날] 1월 인문학열전 : 축의 시대,(성인)성인
글마루,글마루척척박사 초등 코딩교실(초등1~3),(아동)초등 1~3학년
돌마리,돌마리동화와 엔트리로 배우는 코딩,(아동)초등 3~4학년 10명
돌마리,돌마리북(BOOK)콘택트,(성인)성인 10명
돌마리,돌마리세계가 보이는 이야기 한국사,(아동)초등 3~4학년 15명
돌마리,돌마리사고력을 키우는 책놀이터,(아동)초등 1~2학년 10명
돌마리,돌마리책이랑 놀자,(유아)유아6~7세
2호,2호[특별] 개관 12주년 기념 매직쑈!! 벌룬쑈!!,전연령 30명
글마루,글마루쓱싹쓱싹 웹툰공작소(초등5~6)  ,(유아)초등 5~6학년
4호,4호[겨울방학 초등 프로그램]2021 계획작성 별 노트 만들기,초등 4-6학년 (2020년도 기준)
4호,4호[겨울방학 초등 프로그램] 초등 장르별 글쓰기 완전정복,초등 3-4학년(2020학년도 기준)
거마,거마4인4색 그림책과 함께하는 테라피(재능기부 강의),성인
거마,거마무덤속 살아있는 왕 이야기,초등1-3학년
거마,거마프로그램테스트입니다 - 제3자정보동의,-
거마,거마그림책과 뉴스로 배우는 슬기로운 어린이생활,초등4-6학년
거마,거마I LOVE STORY (영어그림동화),6-7세 어린이
영어,영어[2021 겨울방학] Books & Science (2차),(아동)8~10세
영어,영어[2021 겨울방학] Books & Science (1차),(아동)8~10세
영어,영어[2021 겨울방학] Books & Art (2차),(유아)6~7세
영어,영어[2021 겨울방학] Books & Art (1차),(유아)6~7세
영어,영어[2021 겨울방학] Book Speech (C),(아동)10~12세
영어,영어[2021 겨울방학] Book Speech (B),(아동)9~10세
영어,영어[2021 겨울방학] Book Speech (A),(아동)8~9세
어린이,어린이[겨울방학]그림책 쓱쓱 미술놀이,유아 6-7세(2020년 기준)
어린이,어린이[겨울방학]궁궐에서 만나는 우리 역사,초등 3-5학년(2020년 기준)
어린이,어린이[겨울방학]아빠랑 책놀이 풍덩,유아 4-5세(2020년 기준)
어린이,어린이[겨울방학]스크린 영어,초등 1-2학년(2020년 기준)
어린이,어린이[겨울방학]스크린 영어,초등 1-2학년(2020년 기준)
어린이,어린이[겨울방학] 스크린 영어,초등 1-2학년(2020년 기준)
3호,3호[문화가 있는 날]팝업북 만들기,초등 4 ~ 6학년
3호,3호[2021년 1분기]생각에 날개달기,유아 6 ~ 7세
3호,3호[2021년 1분기]연극하며 놀자,유아 6 ~ 7세
2호,2호[방학] 과학을 담은 책 속 여행,초등학교 1~2학년(2020학년도 기준) 10명
거마,거마용인외대부고 Youth AI Lab과 함께하는 인공지능 멘토링캠프,2021년도 중학교1~3학년
2호,2호[방학] 책놀이 팡팡,6~7세(2020년도 기준) 부모동반 10팀
3호,3호[2021년 1분기]뿌뿌까오 중국어,8 ~ 9세
2호,2호[방학] 뿌뿌 차이나,초등학교 3~5학년(2020학년도 기준) 10명
3호,3호[2021년 1분기]Boo적북적 책놀이,7 ~ 8세
2호,2호[방학] 역사 놀이터,초등학교 3~6학년(2020학년도 기준) 10명
글마루,글마루글마루 웹툰 공작소(일반),(청소년)일반(성인)
글마루,글마루3D 프린팅 기초 교육 프로그램 (일반),(성인)일반(성인)
글마루,글마루KODU 3D 게임 코딩(초5~6),(청소년)초등5~6
글마루,글마루엔트리로 놀자(초3~4),초등3~4
글마루,글마루독서교실 2(초3~4),초등3~4
글마루,글마루독서교실 1(초1~2),초등1~2
글마루,글마루I love story(6~7세),6~7세
글마루,글마루I love story(초1~2),초등1~2
글마루,글마루쉽고 재미있는 이야기 한국사(초3~4),초등3~4
글마루,글마루역사 속 영웅 이야기(초1~2),초등1~2
